"Estimated population by sex, single year of age and UK Parliamentary Constituency (UKPC) area: 30 June 2016",,,,,,,,,,,,,,,,,,,,,,,,,,,,,,,,,,,,,,,,,,,,,,,,,,,,,,,,,,,,,,,,,,,,,,,,,,,,,,,,,,,,,,,,,,,,,,
,,,,,,,,,,,,,,,,,,,,,,,,,,,,,,,,,,,,,,,,,,,,,,,,,,,,,,,,,,,,,,,,,,,,,,,,,,,,,,,,,,,,,,,,,,,,,,
Area,,,,Age,,,,,,,,,,,,,,,,,,,,Age,,,,,,,,,,,,,,,,,,,,,,,,,Age,,,,,,,,,,,,,,,,,,,,,,,,,Age,,,,,,,,,,,,,,,,,,,,
,,SEX,All ages,AGE 0,AGE 1,AGE 2,AGE 3,AGE 4,AGE 5,AGE 6,AGE 7,AGE 8,AGE 9,AGE 10,AGE 11,AGE 12,AGE 13,AGE 14,AGE 15,AGE 16,AGE 17,AGE 18,AGE 19,AGE 20,AGE 21,AGE 22,AGE 23,AGE 24,AGE 25,AGE 26,AGE 27,AGE 28,AGE 29,AGE 30,AGE 31,AGE 32,AGE 33,AGE 34,AGE 35,AGE 36,AGE 37,AGE 38,AGE 39,AGE 40,AGE 41,AGE 42,AGE 43,AGE 44,AGE 45,AGE 46,AGE 47,AGE 48,AGE 49,AGE 50,AGE 51,AGE 52,AGE 53,AGE 54,AGE 55,AGE 56,AGE 57,AGE 58,AGE 59,AGE 60,AGE 61,AGE 62,AGE 63,AGE 64,AGE 65,AGE 66,AGE 67,AGE 68,AGE 69,AGE 70,AGE 71,AGE 72,AGE 73,AGE 74,AGE 75,AGE 76,AGE 77,AGE 78,AGE 79,AGE 80,AGE 81,AGE 82,AGE 83,AGE 84,AGE 85,AGE 86,AGE 87,AGE 88,AGE 89,AGE 90+
,,,,,,,,,,,,,,,,,,,,,,,,,,,,,,,,,,,,,,,,,,,,,,,,,,,,,,,,,,,,,,,,,,,,,,,,,,,,,,,,,,,,,,,,,,,,,,
SCOTLAND,,,"5,404,700","55,516","56,584","57,165","58,232","59,741","61,695","58,801","60,336","60,184","57,846","56,634","56,142","55,083","53,398","53,121","55,439","56,863","58,981","60,951","66,426","68,524","70,098","72,575","74,422","78,348","78,055","74,943","74,420","74,513","72,193","71,566","71,086","68,875","69,755","70,631","70,100","68,696","66,397","61,788","60,772","64,126","64,558","65,486","69,586","73,882","76,789","75,703","78,786","80,211","80,762","80,186","83,067","81,988","81,648","79,802","77,970","75,289","74,614","72,473","70,475","68,252","65,332","64,365","62,976","60,627","61,076","61,082","62,320","64,019","69,027","51,771","48,550","49,278","46,793","42,627","39,132","39,436","37,987","36,463","33,828","31,999","29,683","27,085","24,519","23,132","20,572","17,850","15,532","12,875","11,149","41,067"
UKPC Code,UKPC Name,,,,,,,,,,,,,,,,,,,,,,,,,,,,,,,,,,,,,,,,,,,,,,,,,,,,,,,,,,,,,,,,,,,,,,,,,,,,,,,,,,,,,,,,,,,,,
S14000001,Aberdeen North,Persons,"103,315","1,201","1,198","1,130","1,136","1,175","1,064","1,035",968,955,872,853,836,760,690,733,708,777,822,"1,461","2,378","2,593","2,521","2,479","2,547","2,722","2,687","2,483","2,382","2,258","2,077","2,013","1,897","1,739","1,817","1,677","1,549","1,494","1,404","1,257","1,274","1,305","1,226","1,142","1,205","1,195","1,270","1,131","1,184","1,163","1,189","1,142","1,213","1,114","1,199","1,210","1,052","1,111","1,086","1,025","1,090","1,016","1,028",959,904,891,882,848,910,851,985,674,550,588,583,552,492,553,527,492,476,455,457,404,341,359,319,274,229,170,165,507
S14000002,Aberdeen South,Persons,"95,529",995,934,951,928,956,979,952,940,904,906,834,805,763,792,731,804,857,826,746,877,952,"1,164","1,181","1,493","1,970","2,138","2,075","2,237","1,992","2,058","1,930","1,864","1,636","1,677","1,582","1,603","1,541","1,420","1,284","1,256","1,208","1,175","1,199","1,314","1,283","1,287","1,177","1,247","1,299","1,298","1,226","1,351","1,301","1,411","1,356","1,233","1,244","1,239","1,218","1,112","1,162",999,952,885,903,857,831,904,822,946,729,605,635,628,665,546,565,547,546,553,516,455,429,434,440,353,324,307,260,221,799
S14000003,Airdrie and Shotts,Persons,"86,795",968,980,"1,012","1,051","1,019","1,028","1,052","1,130","1,097","1,071","1,006",994,965,"1,015",953,973,"1,010","1,065","1,011","1,076","1,085","1,038","1,046","1,034","1,093","1,088","1,081","1,062","1,153","1,059","1,131","1,078","1,158","1,155","1,148","1,227","1,215","1,092","1,058",933,"1,122","1,097","1,096","1,204","1,252","1,282","1,288","1,396","1,402","1,373","1,351","1,416","1,321","1,310","1,312","1,264","1,168","1,139","1,151","1,101","1,097","1,015",996,997,916,928,958,981,914,"1,009",788,727,776,704,630,582,605,598,536,457,455,390,381,352,298,244,213,183,143,128,339
S14000004,Angus,Persons,"86,591",826,874,918,910,897,908,948,897,942,896,892,896,883,881,870,955,935,957,953,971,939,966,"1,041","1,028",989,994,892,903,962,983,"1,019",941,949,991,"1,080",997,967,957,958,877,943,946,"1,008","1,132","1,160","1,171","1,207","1,282","1,238","1,275","1,335","1,323","1,310","1,333","1,383","1,230","1,313","1,282","1,199","1,191","1,146","1,103","1,094","1,187","1,054","1,148","1,126","1,168","1,231","1,326",963,925,918,872,832,736,789,673,704,661,583,564,518,459,451,418,379,289,248,214,909
S14000005,Argyll and Bute,Persons,"87,130",713,749,778,762,846,848,865,866,874,823,869,855,883,809,840,858,884,"1,019",985,"1,006","1,010",987,"1,018",938,899,944,877,915,817,813,763,807,793,795,755,841,865,778,832,878,884,951,946,"1,047","1,142","1,115","1,209","1,220","1,318","1,315","1,307","1,421","1,408","1,448","1,379","1,402","1,370","1,295","1,299","1,323","1,322","1,257","1,228","1,237","1,274","1,341","1,251","1,373","1,367","1,551","1,155","1,101","1,121","1,032",929,864,885,823,775,739,646,638,534,487,498,431,373,313,250,213,866
S14000006,"Ayr, Carrick and Cumnock",Persons,"92,159",903,872,868,914,911,987,881,972,978,979,925,972,925,938,936,969,"1,009","1,036","1,102","1,033",989,"1,063","1,100","1,044","1,009",995,996,997,977,"1,016",975,917,925,841,924,988,"1,028",934,835,829,923,973,"1,017","1,129","1,217","1,250","1,276","1,327","1,408","1,410","1,400","1,518","1,449","1,401","1,430","1,413","1,329","1,365","1,400","1,352","1,335","1,244","1,299","1,296","1,270","1,279","1,279","1,271","1,348","1,436","1,095","1,094","1,064","1,017",941,832,877,778,819,725,672,631,577,509,463,461,349,323,248,226,922
S14000007,Banff and Buchan,Persons,"92,724","1,033",944,"1,032","1,071","1,060","1,106","1,097","1,119","1,053","1,016","1,034",933,929,978,960,940,"1,029","1,018","1,035",970,"1,026","1,078","1,092","1,135","1,055","1,117","1,140","1,046","1,112","1,109","1,103","1,155","1,054","1,052","1,114","1,168","1,173","1,082","1,041","1,087","1,154","1,095","1,162","1,196","1,252","1,346","1,391","1,487","1,364","1,497","1,390","1,460","1,460","1,464","1,355","1,328","1,252","1,277","1,299","1,184","1,245","1,215","1,142","1,092","1,085","1,153","1,172","1,211","1,220","1,302","1,023",899,868,884,850,682,748,705,646,568,552,495,462,442,377,360,266,246,210,168,727
S14000008,"Berwickshire, Roxburgh and Selkirk",Persons,"94,330",873,883,977,997,994,988,893,964,991,967,976,957,"1,009",908,943,943,"1,016","1,002",982,"1,006",965,966,906,948,914,832,901,839,842,807,878,860,896,905,907,897,966,892,819,876,937,"1,057","1,064","1,162","1,292","1,338","1,326","1,422","1,486","1,528","1,513","1,547","1,522","1,575","1,481","1,492","1,515","1,522","1,438","1,429","1,379","1,397","1,354","1,345","1,303","1,322","1,426","1,420","1,507","1,696","1,229","1,117","1,184","1,107",972,891,915,878,829,743,674,636,593,532,489,463,432,365,287,227,887
S14000009,"Caithness, Sutherland and Easter Ross",Persons,"61,038",549,589,571,619,650,639,645,700,685,654,646,663,645,635,658,669,662,736,663,619,596,596,648,598,617,545,604,576,623,602,613,632,643,668,640,702,603,646,580,599,657,628,651,674,721,757,774,833,911,925,962,974,922,948,923,"1,002",941,968,948,972,870,879,842,850,864,874,897,913,951,991,770,693,766,710,631,613,601,562,502,465,405,388,410,334,333,263,246,214,177,154,551
S14000010,Central Ayrshire,Persons,"87,082",805,861,843,892,948,986,970,998,946,959,928,893,891,853,841,901,936,965,981,980,"1,040","1,020","1,007",967,981,948,832,894,961,939,910,862,835,839,962,923,903,918,855,858,961,"1,031","1,040","1,077","1,226","1,231","1,241","1,241","1,261","1,398","1,322","1,395","1,432","1,448","1,402","1,360","1,325","1,305","1,292","1,246","1,192","1,209","1,193","1,178","1,153","1,092","1,129","1,230","1,191","1,380","1,023",940,"1,021",962,851,746,780,726,689,662,592,533,461,498,444,395,309,264,230,187,757
S14000011,"Coatbridge, Chryston and Bellshill",Persons,"94,497","1,048","1,064","1,040","1,011","1,108","1,141","1,148","1,173","1,148","1,135","1,162","1,116","1,176","1,052","1,043","1,080","1,085","1,149","1,170","1,199","1,116","1,126","1,141","1,166","1,215","1,166","1,159","1,070","1,178","1,115","1,142","1,178","1,141","1,265","1,205","1,310","1,268","1,211","1,190","1,122","1,224","1,243","1,217","1,281","1,421","1,411","1,446","1,455","1,487","1,476","1,492","1,561","1,527","1,477","1,508","1,397","1,367","1,275","1,310","1,183","1,114","1,158","1,087","1,145",998,"1,018","1,078","1,005","1,001","1,023",803,721,745,797,686,617,660,621,583,481,493,461,397,350,357,255,245,221,182,147,558
S14000012,"Cumbernauld, Kilsyth and Kirkintilloch East",Persons,"87,189",894,935,912,976,991,"1,083","1,008","1,090","1,019","1,018","1,047","1,031","1,039",968,963,"1,017","1,014","1,135","1,072","1,121","1,046","1,079","1,092","1,078","1,144","1,093",987,"1,035",986,983,"1,033",980,984,986,"1,090","1,039","1,065","1,054",943,"1,050","1,126","1,039","1,115","1,107","1,210","1,341","1,277","1,299","1,390","1,415","1,332","1,395","1,386","1,345","1,387","1,260","1,241","1,293","1,178","1,144","1,153","1,099","1,067","1,057","1,001","1,015","1,013","1,018","1,080","1,137",825,816,800,777,651,590,597,618,564,536,484,441,366,369,330,280,236,185,141,136,447
S14000013,Dumfries and Galloway,Persons,"96,018",873,843,919,921,981,994,"1,007",970,985,"1,063",992,997,965,915,924,970,932,"1,027","1,034",947,953,"1,051","1,065","1,022",967,"1,018",993,988,"1,061",997,928,976,976,923,"1,043",996,957,906,862,811,956,971,"1,045","1,084","1,191","1,292","1,247","1,361","1,430","1,454","1,420","1,603","1,565","1,521","1,555","1,520","1,398","1,475","1,454","1,339","1,413","1,344","1,402","1,362","1,370","1,382","1,422","1,428","1,465","1,583","1,253","1,192","1,148","1,136","1,050",958,909,864,817,832,787,671,658,631,544,487,421,356,279,250,971
S14000014,"Dumfriesshire, Clydesdale and Tweeddale",Persons,"86,105",728,731,765,828,763,921,919,961,944,914,926,977,897,937,870,914,960,957,949,846,876,858,861,844,755,750,764,621,768,778,736,751,768,795,774,753,840,776,813,764,925,924,949,"1,067","1,212","1,237","1,358","1,398","1,318","1,426","1,418","1,496","1,447","1,524","1,410","1,373","1,346","1,348","1,311","1,286","1,311","1,286","1,247","1,220","1,201","1,230","1,181","1,242","1,284","1,432","1,069","1,028","1,095","1,012",907,846,858,827,711,740,667,610,571,501,435,417,379,327,284,226,836
S14000015,Dundee East,Persons,"89,863",864,947,924,971,"1,041","1,100",967,"1,102","1,023",999,917,"1,020",979,920,916,970,"1,019",985,"1,032",976,942,870,"1,120","1,163","1,358","1,438","1,346","1,223","1,242","1,155","1,138","1,210","1,076","1,068","1,143","1,070","1,069","1,043",937,933,"1,026","1,006","1,017","1,032","1,092","1,146","1,180","1,270","1,180","1,188","1,257","1,311","1,314","1,336","1,321","1,303","1,286","1,238","1,207","1,192","1,082","1,054","1,039","1,093",975,"1,045","1,101","1,101","1,252","1,351",936,887,849,816,734,688,668,688,672,597,609,554,550,455,466,402,339,336,302,212,892
S14000016,Dundee West,Persons,"88,336",893,904,870,958,986,833,809,812,850,754,789,802,749,766,732,734,779,794,"1,306","1,945","2,072","2,057","1,946","1,964","2,102","1,928","1,875","1,713","1,609","1,563","1,282","1,378","1,330","1,208","1,159","1,132",982,924,860,896,888,821,788,883,951,"1,094",963,"1,037","1,081","1,093","1,103","1,222","1,111","1,199","1,188","1,186","1,126","1,020","1,097","1,091",963,931,872,880,855,817,843,871,882,993,716,678,683,610,611,585,619,582,600,521,517,479,480,390,377,376,319,285,203,191,620
S14000017,Dunfermline and West Fife,Persons,"100,682","1,062","1,173","1,136","1,150","1,176","1,345","1,177","1,270","1,228","1,188","1,233","1,125","1,145","1,127","1,031","1,068","1,050","1,100","1,063","1,042",980,954,"1,086","1,030","1,152","1,174","1,254","1,211","1,232","1,246","1,268","1,271","1,252","1,279","1,391","1,347","1,371","1,391","1,302","1,264","1,308","1,330","1,394","1,485","1,564","1,598","1,532","1,525","1,542","1,587","1,539","1,600","1,568","1,481","1,482","1,480","1,480","1,444","1,349","1,266","1,296","1,220","1,157","1,111","1,066","1,177","1,188","1,193","1,274","1,432",985,929,932,862,816,684,693,630,620,576,534,452,453,386,311,288,283,227,214,171,624
S14000018,East Dunbartonshire,Persons,"83,753",744,760,861,852,836,964,880,900,924,910,959,973,957,915,952,981,976,"1,023",997,859,943,903,960,942,990,892,808,754,762,615,663,652,709,716,777,815,805,888,804,859,908,903,930,"1,088","1,179","1,193","1,225","1,255","1,220","1,358","1,303","1,406","1,386","1,347","1,375","1,328","1,264","1,327","1,242","1,256","1,190","1,165","1,103","1,132","1,014","1,039","1,059","1,114","1,092","1,198",932,918,943,887,764,758,797,787,753,743,633,640,604,528,485,401,391,321,276,252,861
S14000019,"East Kilbride, Strathaven and Lesmahagow",Persons,"102,073",994,"1,051",975,"1,089","1,084","1,147","1,088","1,178","1,183","1,171","1,105","1,103","1,145","1,020","1,177","1,092","1,245","1,202","1,217","1,231","1,145","1,225","1,325","1,222","1,250","1,185","1,101","1,131","1,146","1,066","1,080","1,109","1,163","1,133","1,175","1,202","1,238","1,104","1,160","1,116","1,120","1,151","1,183","1,281","1,427","1,565","1,580","1,614","1,645","1,724","1,632","1,709","1,803","1,813","1,695","1,689","1,626","1,653","1,512","1,442","1,377","1,313","1,304","1,209","1,174","1,128","1,081","1,091","1,168","1,220",957,891,913,940,814,815,716,740,774,665,663,583,521,498,477,427,373,310,276,229,789
S14000020,East Lothian,Persons,"104,090","1,105","1,095","1,140","1,136","1,261","1,319","1,224","1,280","1,332","1,244","1,258","1,168","1,179","1,035","1,088","1,125","1,192","1,148","1,145","1,144","1,170","1,155","1,215","1,287","1,307","1,134","1,059","1,035","1,048","1,071","1,098","1,051","1,053","1,125","1,172","1,193","1,120","1,245","1,112","1,214","1,251","1,271","1,331","1,479","1,507","1,600","1,571","1,546","1,685","1,700","1,565","1,754","1,618","1,701","1,628","1,626","1,569","1,540","1,449","1,475","1,363","1,316","1,262","1,190","1,213","1,221","1,206","1,175","1,365","1,384","1,068",972,"1,073",923,896,839,794,740,819,646,678,558,593,506,488,411,377,324,258,258,826
S14000021,East Renfrewshire,Persons,"93,810",928,949,"1,069","1,140","1,198","1,294","1,244","1,189","1,225","1,234","1,205","1,248","1,222","1,166","1,169","1,182","1,217","1,220","1,191","1,116","1,089","1,057","1,056","1,077","1,027",916,911,967,925,764,781,743,832,794,938,988,"1,065","1,049","1,113","1,083","1,125","1,107","1,170","1,308","1,328","1,365","1,302","1,450","1,415","1,504","1,483","1,407","1,550","1,451","1,452","1,361","1,355","1,367","1,306","1,280","1,310","1,187","1,106","1,104","1,083","1,003","1,017","1,065","1,108","1,161",871,864,890,829,720,752,686,689,684,656,656,595,550,489,497,418,371,345,256,253,928
S14000022,Edinburgh East,Persons,"102,907",981,910,971,951,975,990,876,912,888,761,753,704,655,602,702,674,677,784,"1,436","2,660","2,924","2,866","2,814","2,893","2,616","2,607","2,496","2,452","2,248","2,095","1,998","1,989","1,881","1,760","1,705","1,609","1,461","1,511","1,303","1,362","1,314","1,212","1,232","1,203","1,273","1,196","1,193","1,143","1,151","1,139","1,233","1,215","1,207","1,217","1,100","1,092","1,102","1,112","1,118",988,933,908,903,862,835,807,742,762,781,921,644,628,604,649,536,518,534,463,502,465,459,428,409,416,353,348,278,246,213,196,672
S14000023,Edinburgh North and Leith,Persons,"111,705","1,237","1,208","1,092","1,150","1,135","1,208",984,"1,025","1,008",858,801,780,821,747,759,799,778,889,789,750,865,"1,076","1,373","1,743","2,299","2,760","2,915","2,889","2,936","2,881","2,785","2,811","2,643","2,665","2,579","2,404","2,270","2,085","1,857","1,743","1,682","1,638","1,633","1,539","1,684","1,616","1,381","1,441","1,537","1,477","1,377","1,423","1,370","1,457","1,299","1,321","1,218","1,219","1,102","1,111","1,077",985,971,911,908,899,929,911,851,946,669,593,658,593,547,553,527,499,511,469,447,385,398,334,320,338,257,245,201,162,689
S14000024,Edinburgh South,Persons,"90,540",879,983,976,975,868,"1,029",976,"1,030","1,000",970,952,924,831,832,827,782,846,878,825,"1,118","1,820","2,032","2,126","1,778","1,797","1,903","1,661","1,725","1,528","1,323","1,346","1,334","1,232","1,256","1,227","1,138","1,196","1,150","1,025","1,084","1,046","1,082","1,102","1,107","1,113","1,196","1,062","1,157","1,142","1,133","1,172","1,147","1,146","1,157","1,156","1,179","1,073","1,049","1,074","1,116","1,001",923,966,987,887,913,"1,001",982,873,"1,023",752,753,635,629,569,531,519,536,523,504,445,432,371,358,396,372,303,297,276,234,958
S14000025,Edinburgh South West,Persons,"104,426","1,036","1,068","1,056","1,110","1,094","1,146","1,003","1,102","1,021",956,944,879,833,828,914,880,926,927,"1,326","1,786","1,678","1,677","1,957","2,031","2,345","2,460","2,483","2,524","2,309","2,228","1,988","1,999","1,827","1,870","1,761","1,486","1,638","1,566","1,476","1,335","1,294","1,295","1,240","1,321","1,332","1,348","1,233","1,224","1,318","1,285","1,203","1,288","1,275","1,275","1,228","1,194","1,151","1,108","1,079","1,085",995,990,938,889,"1,012",901,941,974,"1,034","1,049",768,714,751,644,603,565,541,568,567,496,495,469,408,413,370,360,295,247,204,216,760
S14000026,Edinburgh West,Persons,"97,592","1,108","1,137","1,275","1,148","1,187","1,270","1,162","1,199","1,216","1,152","1,041",989,961,"1,014",943,941,"1,058",980,833,747,769,742,927,"1,045","1,397","1,546","1,401","1,476","1,313","1,280","1,299","1,389","1,301","1,348","1,452","1,368","1,425","1,316","1,252","1,264","1,302","1,331","1,258","1,277","1,333","1,368","1,352","1,434","1,390","1,502","1,453","1,484","1,456","1,502","1,423","1,427","1,386","1,318","1,275","1,254","1,175","1,104","1,134","1,064","1,029",980,988,996,"1,051","1,213",878,789,767,746,725,641,709,693,657,657,679,615,566,515,463,448,383,340,279,268,844
S14000027,Na h-Eileanan an Iar,Persons,"26,900",229,220,263,253,266,259,263,276,297,305,294,272,303,287,253,267,264,307,243,248,265,221,283,203,237,185,227,267,260,285,237,240,256,250,299,278,270,308,267,310,307,323,317,336,359,382,393,422,429,430,396,413,406,412,463,401,407,417,379,386,378,413,379,393,403,369,427,415,399,442,360,281,313,322,259,280,277,264,253,219,202,189,187,174,156,127,109,129,103,72,311
S14000028,Falkirk,Persons,"111,129","1,080","1,136","1,152","1,194","1,293","1,268","1,305","1,358","1,304","1,306","1,243","1,254","1,162","1,192","1,138","1,155","1,238","1,249","1,222","1,195","1,203","1,312","1,245","1,304","1,244","1,324","1,233","1,225","1,321","1,274","1,297","1,370","1,306","1,347","1,434","1,414","1,431","1,424","1,348","1,358","1,449","1,504","1,505","1,623","1,747","1,765","1,743","1,818","1,858","1,810","1,799","1,772","1,751","1,722","1,716","1,599","1,603","1,577","1,482","1,449","1,375","1,307","1,283","1,305","1,231","1,325","1,303","1,320","1,329","1,473","1,052","1,034",997,936,863,801,802,780,720,666,641,624,535,470,446,392,350,304,239,217,859
S14000029,Glasgow Central,Persons,"99,189","1,168","1,084","1,072","1,060",944,974,819,797,759,678,657,622,548,590,550,620,621,732,"1,575","2,556","2,733","2,881","3,118","3,546","3,486","3,139","2,920","2,780","2,791","2,411","2,374","2,346","2,086","2,067","1,942","1,780","1,659","1,555","1,386","1,240","1,240","1,172","1,045","1,124","1,132","1,067","1,088","1,119","1,026","1,041",989,979,984,"1,017",966,961,849,866,805,775,717,705,630,617,578,606,555,523,539,584,444,386,420,401,390,360,357,382,338,336,304,285,262,238,231,208,192,157,104,85,344
S14000030,Glasgow East,Persons,"92,233","1,141","1,200","1,150","1,160","1,176","1,231","1,081","1,009","1,004",950,953,903,890,883,955,974,"1,044","1,012","1,079",993,954,960,"1,080","1,327","1,618","1,690","1,624","1,610","1,561","1,506","1,351","1,393","1,279","1,359","1,280","1,287","1,266","1,209","1,071",973,"1,049","1,041","1,086","1,102","1,236","1,320","1,361","1,432","1,418","1,357","1,293","1,465","1,495","1,448","1,403","1,358","1,313","1,267","1,261","1,216","1,165","1,066",981,920,887,866,828,887,855,955,712,694,648,653,591,590,564,539,559,458,452,487,376,368,362,325,247,192,191,137,571
S14000031,Glasgow North,Persons,"76,789",719,705,670,677,651,694,612,619,543,514,492,464,451,479,469,515,496,576,899,"1,749","2,309","2,419","2,391","2,466","2,408","2,317","2,070","1,931","1,908","1,760","1,674","1,578","1,459","1,357","1,197","1,207","1,124",977,955,829,934,809,853,870,905,858,921,910,905,814,895,939,948,978,872,823,773,773,711,727,726,671,631,654,592,580,568,619,598,598,478,439,379,379,316,346,345,334,311,329,282,276,250,251,223,160,150,127,121,104,404
S14000032,Glasgow North East,Persons,"86,002",959,950,"1,018","1,004","1,054","1,020",967,943,884,866,805,838,809,797,681,863,920,850,851,935,"1,022","1,080","1,135","1,413","1,882","1,826","1,770","1,788","1,687","1,602","1,632","1,490","1,449","1,453","1,438","1,297","1,239","1,241","1,086","1,030","1,019",988,962,"1,108","1,082","1,153","1,151","1,165","1,194","1,232","1,287","1,193","1,230","1,234","1,290","1,159","1,123","1,060","1,069",904,916,856,820,733,728,750,697,720,733,806,587,533,597,623,570,529,556,563,517,481,480,445,384,356,317,272,257,194,199,116,490
S14000033,Glasgow North West,Persons,"86,876",972,944,"1,001",952,984,"1,024",939,947,"1,002",901,874,829,828,814,799,906,886,875,837,748,849,851,915,"1,315","1,686","1,645","1,625","1,745","1,630","1,668","1,634","1,638","1,410","1,546","1,350","1,429","1,358","1,243","1,185","1,145","1,111","1,064","1,057","1,160","1,211","1,240","1,134","1,267","1,348","1,259","1,314","1,281","1,236","1,229","1,242","1,163","1,160","1,213","1,094",986,"1,027",947,900,801,746,763,778,775,761,772,585,551,595,570,538,447,506,461,463,447,425,420,364,353,317,303,239,231,199,181,713
S14000034,Glasgow South,Persons,"88,554",980,"1,052",965,"1,026","1,032",901,823,861,952,880,801,797,862,737,804,848,812,902,807,741,769,786,846,"1,024","1,515","1,543","1,553","1,636","1,600","1,691","1,748","1,709","1,617","1,709","1,625","1,613","1,604","1,443","1,178","1,090","1,163","1,149","1,187","1,058","1,179","1,258","1,178","1,229","1,295","1,241","1,248","1,226","1,289","1,211","1,321","1,302","1,147","1,105","1,118","1,123","1,170","1,076",988,982,901,894,861,825,914,879,696,667,630,544,539,522,502,489,528,467,427,420,347,332,324,300,255,213,192,138,623
S14000035,Glasgow South West,Persons,"86,539","1,070","1,137","1,093","1,030","1,168","1,107","1,001","1,073","1,005","1,011",967,"1,006",921,953,913,966,"1,067","1,003","1,018",948,831,860,940,"1,199","1,428","1,518","1,516","1,493","1,493","1,420","1,379","1,292","1,288","1,247","1,278","1,268","1,185","1,123","1,078",960,"1,036","1,062","1,041","1,029","1,123","1,168","1,281","1,288","1,298","1,267","1,297","1,345","1,349","1,316","1,340","1,259","1,194","1,192","1,090","1,126","1,029",936,917,802,832,772,773,678,713,758,602,615,595,549,511,482,524,517,456,436,402,471,436,347,330,323,265,183,186,170,575
S14000036,Glenrothes,Persons,"88,121",974,"1,010","1,014","1,016","1,066","1,083","1,073","1,079","1,050","1,057","1,002",981,968,921,895,994,982,"1,074","1,010","1,006","1,013",911,931,943,"1,022","1,076","1,043","1,043","1,034",974,"1,005",961,928,"1,016","1,055","1,148","1,048","1,028",942,955,995,961,968,"1,105","1,169","1,292","1,264","1,320","1,410","1,425","1,276","1,364","1,372","1,274","1,378","1,250","1,318","1,272","1,265","1,254","1,195","1,120","1,134","1,054","1,075","1,082","1,095","1,164","1,102","1,214",950,903,902,843,777,650,697,641,571,568,556,485,468,372,366,320,277,254,220,175,628
S14000037,Gordon,Persons,"103,260","1,170","1,190","1,172","1,185","1,153","1,258","1,276","1,277","1,309","1,167","1,113","1,069","1,063","1,039","1,050","1,068","1,084","1,111",966,932,837,988,"1,022","1,101","1,210","1,225","1,157","1,206","1,254","1,248","1,313","1,333","1,359","1,443","1,535","1,481","1,434","1,361","1,354","1,324","1,382","1,358","1,414","1,498","1,535","1,625","1,439","1,544","1,574","1,562","1,627","1,603","1,614","1,514","1,488","1,498","1,487","1,418","1,435","1,407","1,396","1,293","1,401","1,276","1,258","1,235","1,306","1,332","1,334","1,382","1,003",910,835,862,773,711,717,659,673,587,546,521,486,404,391,343,323,286,222,214,722
S14000038,Inverclyde,Persons,"79,160",697,753,781,790,789,836,854,803,868,828,808,847,835,784,748,830,856,931,854,922,955,947,944,920,"1,029","1,027",943,866,906,877,972,850,865,869,901,881,910,872,792,804,814,918,881,973,"1,006","1,106","1,099","1,148","1,282","1,304","1,311","1,313","1,328","1,382","1,360","1,334","1,286","1,287","1,111","1,158","1,087","1,046",985,986,942,"1,022",988,969,980,"1,041",849,745,845,781,651,651,587,615,610,576,538,465,408,392,426,348,309,282,189,187,715
S14000039,"Inverness, Nairn, Badenoch and Strathspey",Persons,"104,649","1,092","1,136","1,080","1,108","1,150","1,209","1,095","1,248","1,275","1,173","1,179","1,157","1,129","1,104","1,067","1,123","1,122","1,188","1,140","1,035","1,022","1,131","1,168","1,109","1,187","1,218","1,201","1,235","1,291","1,255","1,361","1,363","1,392","1,277","1,395","1,450","1,387","1,324","1,276","1,170","1,284","1,343","1,275","1,406","1,510","1,541","1,524","1,508","1,614","1,623","1,617","1,693","1,708","1,534","1,525","1,496","1,480","1,478","1,410","1,382","1,386","1,316","1,400","1,317","1,258","1,247","1,203","1,299","1,345","1,306","1,017",939,976,997,882,767,752,736,722,607,642,545,555,496,464,436,367,337,264,231,867
S14000040,Kilmarnock and Loudoun,Persons,"96,983","1,040","1,096",990,"1,040","1,175","1,133","1,091","1,073","1,088","1,052","1,018","1,028","1,063",982,994,"1,017","1,067","1,057","1,142","1,063","1,051","1,175","1,213","1,118","1,176","1,177","1,147","1,146","1,162","1,210","1,208","1,092","1,070","1,119","1,127","1,138","1,172","1,122","1,044","1,008","1,112","1,175","1,189","1,310","1,391","1,442","1,424","1,534","1,530","1,528","1,540","1,598","1,548","1,522","1,441","1,459","1,417","1,435","1,320","1,349","1,197","1,237","1,185","1,251","1,157","1,150","1,144","1,182","1,219","1,421","1,009",972,971,903,761,753,746,727,671,645,590,551,520,471,387,335,322,236,251,193,678
S14000041,Kirkcaldy and Cowdenbeath,Persons,"98,870","1,074","1,151","1,157","1,152","1,167","1,250","1,297","1,193","1,228","1,082","1,089","1,081","1,065","1,010","1,009","1,099","1,003","1,139","1,006","1,069","1,022","1,001","1,004","1,077","1,218","1,164","1,146","1,136","1,143","1,117","1,195","1,129","1,134","1,179","1,187","1,177","1,196","1,150","1,073","1,067","1,254","1,171","1,300","1,308","1,379","1,398","1,381","1,592","1,543","1,527","1,486","1,536","1,526","1,443","1,418","1,410","1,381","1,399","1,354","1,298","1,244","1,211","1,234","1,195","1,108","1,237","1,171","1,226","1,298","1,452","1,046",993,"1,004",903,821,715,773,778,664,708,639,577,507,525,458,400,357,312,250,247,877
S14000042,Lanark and Hamilton East,Persons,"97,297",976,974,978,986,"1,024","1,080","1,005","1,025","1,038","1,040","1,030",974,965,988,954,"1,041","1,091","1,121",996,"1,044","1,106","1,056","1,151","1,129","1,154","1,084","1,047","1,060","1,066","1,058","1,091","1,112","1,081","1,073","1,169","1,243","1,207","1,082","1,081","1,016","1,169","1,210","1,203","1,300","1,417","1,477","1,375","1,587","1,558","1,564","1,474","1,501","1,616","1,506","1,456","1,533","1,501","1,433","1,373","1,398","1,341","1,333","1,284","1,287","1,244","1,189","1,224","1,255","1,331","1,360","1,058",984,"1,049",969,895,791,812,739,690,670,674,538,514,507,456,393,324,272,220,195,652
S14000043,Linlithgow and East Falkirk,Persons,"118,006","1,315","1,410","1,481","1,414","1,483","1,572","1,501","1,567","1,519","1,548","1,449","1,405","1,288","1,292","1,234","1,201","1,196","1,296","1,279","1,284","1,355","1,368","1,332","1,278","1,282","1,336","1,330","1,338","1,484","1,481","1,502","1,485","1,535","1,556","1,616","1,692","1,622","1,591","1,505","1,435","1,535","1,640","1,668","1,717","1,831","1,828","1,779","1,833","1,822","1,825","1,775","2,039","1,807","1,813","1,692","1,697","1,565","1,578","1,535","1,483","1,467","1,262","1,273","1,296","1,215","1,250","1,304","1,283","1,333","1,432","1,042","1,029","1,002","1,029",859,788,787,843,803,716,646,578,545,453,443,377,312,251,219,206,644
S14000044,Livingston,Persons,"110,375","1,190","1,218","1,266","1,303","1,327","1,405","1,350","1,453","1,482","1,336","1,360","1,379","1,381","1,278","1,315","1,404","1,335","1,440","1,306","1,358","1,328","1,288","1,338","1,419","1,392","1,373","1,288","1,229","1,414","1,452","1,361","1,418","1,419","1,483","1,461","1,411","1,365","1,404","1,242","1,323","1,416","1,441","1,491","1,634","1,714","1,787","1,766","1,803","1,865","1,842","1,784","1,740","1,742","1,696","1,732","1,645","1,533","1,535","1,435","1,287","1,225","1,199","1,261","1,198","1,163","1,186","1,111","1,200","1,260","1,236",978,907,890,847,839,731,667,684,598,533,505,446,387,310,368,283,206,197,135,131,512
S14000045,Midlothian,Persons,"88,610","1,106","1,127","1,147","1,103","1,174","1,111","1,111","1,084","1,055","1,005","1,040","1,000",983,928,904,"1,006","1,026","1,048",947,953,896,997,"1,027","1,015","1,049","1,058",971,"1,021","1,064",999,"1,098","1,022","1,059","1,095","1,122","1,131","1,176","1,142","1,035","1,023","1,089","1,091","1,115","1,118","1,184","1,340","1,300","1,300","1,372","1,327","1,304","1,354","1,299","1,377","1,320","1,259","1,259","1,219","1,209","1,213","1,099","1,067","1,072","1,060","1,013","1,056","1,059","1,102","1,069","1,212",925,843,859,794,669,647,614,602,592,519,517,481,415,348,339,313,279,225,182,154,577
S14000046,Moray,Persons,"96,070",959,903,952,"1,008",959,"1,076","1,069","1,086","1,214","1,100","1,021","1,020","1,012","1,031","1,032","1,085","1,120","1,193","1,080","1,021","1,076","1,094","1,144","1,106","1,118","1,059","1,050","1,118","1,116","1,153","1,174","1,203","1,177","1,042","1,152","1,032","1,086","1,074",981,"1,037","1,109","1,147","1,188","1,285","1,379","1,471","1,385","1,481","1,459","1,494","1,475","1,462","1,459","1,488","1,436","1,368","1,333","1,289","1,319","1,292","1,313","1,197","1,191","1,222","1,141","1,192","1,209","1,167","1,251","1,346","1,021","1,010",993,958,848,795,795,740,715,672,576,648,539,491,447,418,332,306,280,217,788
S14000047,Motherwell and Wishaw,Persons,"93,584","1,056","1,065","1,041","1,086","1,093","1,178","1,129","1,110","1,205","1,092","1,057","1,123","1,097","1,040","1,053","1,061","1,013","1,123","1,094","1,127","1,129","1,109","1,120","1,193","1,180","1,201","1,103","1,194","1,280","1,236","1,254","1,309","1,188","1,255","1,309","1,328","1,310","1,241","1,135","1,028","1,210","1,191","1,194","1,268","1,403","1,391","1,389","1,449","1,462","1,488","1,491","1,497","1,405","1,411","1,405","1,363","1,280","1,250","1,228","1,249","1,137","1,015","1,100",979,975,882,965,969,"1,013",996,784,755,774,714,663,635,634,612,618,532,517,461,414,412,354,315,267,252,183,158,530
S14000048,North Ayrshire and Arran,Persons,"94,336",899,880,914,877,975,"1,057",948,"1,042","1,017","1,047","1,019","1,062","1,012","1,006","1,006","1,061","1,014","1,052","1,087","1,127","1,027","1,117","1,126","1,079",994,"1,065",945,988,985,928,921,914,932,914,984,964,950,960,933,891,"1,036","1,047","1,088","1,158","1,179","1,372","1,350","1,415","1,444","1,421","1,454","1,528","1,532","1,473","1,419","1,405","1,368","1,498","1,427","1,336","1,346","1,272","1,269","1,295","1,220","1,279","1,243","1,359","1,432","1,472","1,106","1,102","1,110","1,051",939,876,899,767,768,689,671,613,566,502,507,407,325,299,266,212,805
S14000049,North East Fife,Persons,"82,657",627,628,637,724,712,743,727,775,759,704,736,755,734,737,705,748,759,847,"1,163","1,868","2,173","2,213","1,924","1,524","1,210","1,055",970,953,871,770,778,775,720,734,820,787,804,760,714,729,751,898,815,874,956,"1,066","1,012","1,115","1,130","1,121","1,182","1,194","1,175","1,310","1,184","1,147","1,222","1,132","1,157","1,056","1,003","1,047","1,086","1,075","1,071",989,"1,043","1,120","1,199","1,279",959,945,936,880,794,706,674,703,738,641,599,572,468,468,404,359,352,307,250,240,881
S14000050,Ochil and South Perthshire,Persons,"103,430",967,"1,015",988,"1,069","1,099","1,057","1,058","1,124","1,232","1,170","1,086","1,210","1,147","1,175","1,195","1,273","1,352","1,441","1,269","1,075","1,103","1,111","1,215","1,192","1,068","1,010",895,843,"1,048",936,"1,046","1,081","1,025","1,042","1,023","1,094","1,104","1,071","1,067","1,004","1,162","1,197","1,214","1,385","1,517","1,462","1,549","1,705","1,696","1,848","1,711","1,725","1,744","1,692","1,654","1,613","1,467","1,551","1,451","1,468","1,388","1,392","1,368","1,390","1,320","1,319","1,373","1,388","1,457","1,559","1,121","1,105","1,098","1,092",968,861,810,841,795,720,639,612,525,485,477,389,401,319,286,252,889
S14000051,Orkney and Shetland,Persons,"45,050",426,441,428,495,484,526,505,522,478,528,534,504,466,482,470,460,512,524,479,449,442,477,477,501,496,479,528,476,543,575,490,509,444,500,487,508,498,551,465,513,499,549,548,622,604,624,649,631,687,692,737,726,727,747,653,706,661,644,622,650,634,644,588,592,572,609,569,587,587,654,469,467,476,495,485,349,428,346,346,306,264,278,241,186,183,165,155,150,102,102,371
S14000052,Paisley and Renfrewshire North,Persons,"90,607",909,973,967,"1,032","1,056","1,072","1,007",983,"1,066",986,"1,037",995,"1,013",918,987,"1,052","1,092","1,035","1,042","1,081","1,029",952,"1,071","1,073","1,134","1,133","1,130","1,056","1,113","1,116","1,036","1,090","1,127","1,161","1,139","1,193","1,107","1,096","1,006",946,"1,033","1,110","1,064","1,158","1,185","1,328","1,348","1,351","1,484","1,389","1,380","1,495","1,356","1,379","1,403","1,440","1,347","1,349","1,282","1,218","1,157","1,149","1,194","1,061","1,036","1,093","1,043","1,056","1,044","1,195",873,909,884,763,767,693,629,643,594,575,553,504,450,369,324,348,302,248,182,152,707
S14000053,Paisley and Renfrewshire South,Persons,"85,323",865,779,896,916,901,898,858,914,923,878,866,885,805,844,800,873,841,943,954,988,994,"1,082","1,140","1,192","1,251","1,148","1,141","1,099","1,174","1,233","1,064","1,089",991,"1,140","1,058","1,146","1,008",975,890,893,911,962,"1,053","1,041","1,220","1,228","1,322","1,329","1,339","1,405","1,455","1,435","1,468","1,356","1,419","1,407","1,251","1,266","1,292","1,128","1,110","1,015",956,965,890,986,895,959,953,"1,066",785,734,782,703,633,635,615,648,624,578,530,526,469,387,391,352,306,253,192,174,589
S14000054,Perth and North Perthshire,Persons,"98,600",925,"1,001",928,"1,007","1,037","1,097","1,014","1,060",972,982,905,936,946,908,925,"1,030","1,058",951,"1,008",942,972,"1,004","1,112","1,257","1,252","1,269","1,090","1,148","1,210","1,216","1,212","1,222","1,271","1,234","1,256","1,298","1,165","1,162","1,065","1,098","1,054","1,036","1,109","1,142","1,318","1,354","1,291","1,355","1,446","1,403","1,451","1,566","1,556","1,577","1,416","1,439","1,317","1,430","1,385","1,340","1,288","1,273","1,278","1,357","1,256","1,273","1,310","1,285","1,311","1,487","1,182","1,043","1,026",996,938,803,882,856,758,766,721,699,611,527,562,524,430,359,315,314,"1,040"
S14000055,"Ross, Skye and Lochaber",Persons,"69,083",617,612,621,636,672,690,724,731,724,766,759,755,766,761,788,808,761,843,774,671,636,658,643,625,585,653,578,614,620,711,653,636,665,665,696,734,694,680,628,684,734,770,743,826,944,"1,009","1,006",994,"1,097","1,031","1,171","1,190","1,209","1,142","1,131","1,190","1,104","1,087","1,108","1,080","1,086","1,062","1,038","1,066","1,065","1,018","1,028",991,"1,090","1,081",894,780,870,740,683,560,603,550,532,472,468,481,385,368,338,311,271,257,183,164,545
S14000056,Rutherglen and Hamilton West,Persons,"105,327","1,168","1,288","1,281","1,290","1,356","1,291","1,205","1,223","1,261","1,193","1,227","1,139","1,126","1,048","1,028","1,111","1,120","1,146","1,117","1,188","1,116","1,103","1,227","1,273","1,356","1,312","1,200","1,231","1,278","1,229","1,385","1,388","1,377","1,377","1,497","1,570","1,518","1,477","1,320","1,326","1,369","1,406","1,489","1,524","1,588","1,629","1,624","1,537","1,586","1,544","1,562","1,608","1,609","1,574","1,567","1,532","1,560","1,435","1,427","1,475","1,410","1,303","1,385","1,314","1,229","1,167","1,177","1,156","1,196","1,235",916,858,876,814,771,728,702,612,625,584,585,481,508,427,364,345,283,273,206,175,611
S14000057,Stirling,Persons,"93,750",850,841,900,890,957,945,939,988,980,"1,004",982,"1,044","1,112","1,016",972,"1,073","1,114","1,177","1,348","1,777","1,793","1,778","1,547","1,395","1,419","1,385","1,374","1,326","1,119","1,042",960,926,974,952,"1,029",888,973,"1,082","1,010","1,007","1,030","1,055","1,070","1,202","1,270","1,334","1,438","1,383","1,427","1,329","1,444","1,529","1,443","1,436","1,335","1,339","1,345","1,206","1,244","1,206","1,112","1,092","1,080","1,077","1,011","1,045","1,022","1,036","1,088","1,269",907,791,899,833,761,706,718,702,609,640,571,539,451,427,430,318,298,261,224,173,707
S14000058,West Aberdeenshire and Kincardine,Persons,"97,202","1,083","1,097","1,135","1,067","1,176","1,257","1,306","1,294","1,218","1,217","1,226","1,189","1,179","1,117","1,064","1,081","1,159","1,168","1,060",914,884,920,"1,039",892,879,915,874,845,949,981,"1,044","1,129","1,155","1,237","1,281","1,309","1,295","1,299","1,229","1,238","1,282","1,297","1,410","1,518","1,524","1,582","1,562","1,578","1,457","1,535","1,566","1,614","1,602","1,608","1,524","1,473","1,350","1,340","1,375","1,301","1,312","1,280","1,316","1,210","1,155","1,143","1,083","1,157","1,201","1,315",917,818,823,756,707,672,678,588,548,515,525,444,427,365,342,331,293,245,251,194,692
S14000059,West Dunbartonshire,Persons,"89,860",973,926,966,"1,036","1,048","1,076","1,039","1,052","1,054","1,010",958,979,947,914,889,897,969,983,995,"1,016","1,047","1,121","1,125","1,197","1,213","1,188","1,160","1,109","1,150","1,156","1,217","1,160","1,041","1,126","1,109","1,179","1,006","1,028",919,951,999,970,"1,015","1,122","1,128","1,279","1,255","1,396","1,375","1,415","1,465","1,505","1,487","1,487","1,395","1,430","1,332","1,349","1,368","1,247","1,299","1,201","1,141","1,059","1,021","1,051","1,020","1,007","1,122","1,062",869,784,797,744,684,628,639,664,559,537,516,461,421,411,384,297,280,276,202,165,611
,,,,,,,,,,,,,,,,,,,,,,,,,,,,,,,,,,,,,,,,,,,,,,,,,,,,,,,,,,,,,,,,,,,,,,,,,,,,,,,,,,,,,,,,,,,,,,
Area,,,,Age,,,,,,,,,,,,,,,,,,,,Age,,,,,,,,,,,,,,,,,,,,,,,,,Age,,,,,,,,,,,,,,,,,,,,,,,,,Age,,,,,,,,,,,,,,,,,,,,
,,SEX,All ages,AGE 0,AGE 1,AGE 2,AGE 3,AGE 4,AGE 5,AGE 6,AGE 7,AGE 8,AGE 9,AGE 10,AGE 11,AGE 12,AGE 13,AGE 14,AGE 15,AGE 16,AGE 17,AGE 18,AGE 19,AGE 20,AGE 21,AGE 22,AGE 23,AGE 24,AGE 25,AGE 26,AGE 27,AGE 28,AGE 29,AGE 30,AGE 31,AGE 32,AGE 33,AGE 34,AGE 35,AGE 36,AGE 37,AGE 38,AGE 39,AGE 40,AGE 41,AGE 42,AGE 43,AGE 44,AGE 45,AGE 46,AGE 47,AGE 48,AGE 49,AGE 50,AGE 51,AGE 52,AGE 53,AGE 54,AGE 55,AGE 56,AGE 57,AGE 58,AGE 59,AGE 60,AGE 61,AGE 62,AGE 63,AGE 64,AGE 65,AGE 66,AGE 67,AGE 68,AGE 69,AGE 70,AGE 71,AGE 72,AGE 73,AGE 74,AGE 75,AGE 76,AGE 77,AGE 78,AGE 79,AGE 80,AGE 81,AGE 82,AGE 83,AGE 84,AGE 85,AGE 86,AGE 87,AGE 88,AGE 89,AGE 90+
,,,,,,,,,,,,,,,,,,,,,,,,,,,,,,,,,,,,,,,,,,,,,,,,,,,,,,,,,,,,,,,,,,,,,,,,,,,,,,,,,,,,,,,,,,,,,,
SCOTLAND,,,"2,627,503","28,697","29,017","29,377","29,728","30,708","31,533","29,946","30,653","30,586","29,574","28,838","28,885","28,344","27,231","27,083","28,196","29,300","30,279","31,162","33,677","34,653","35,175","36,261","36,791","38,808","39,073","37,445","37,102","36,957","35,572","35,467","34,774","33,786","34,032","34,246","34,347","33,701","32,926","30,125","30,169","31,504","31,398","32,214","34,054","35,759","36,884","36,481","37,985","38,668","39,404","38,795","40,421","39,547","39,588","39,078","38,031","36,862","36,217","35,210","34,417","33,311","31,726","31,363","30,581","29,425","29,569","29,668","30,193","30,916","33,121","24,797","22,863","23,308","21,528","19,373","17,496","17,603","16,869","16,115","14,432","13,546","12,469","11,120","9,975","9,091","7,894","6,573","5,635","4,454","3,731","12,017"
UKPC Code,UKPC Name,,,,,,,,,,,,,,,,,,,,,,,,,,,,,,,,,,,,,,,,,,,,,,,,,,,,,,,,,,,,,,,,,,,,,,,,,,,,,,,,,,,,,,,,,,,,,
S14000001,Aberdeen North,Males,"51,283",596,615,584,568,590,559,525,482,471,488,451,420,385,352,392,362,386,422,633,"1,009","1,171","1,149","1,197","1,257","1,381","1,397","1,286","1,253","1,147","1,115","1,063","1,037",889,916,878,854,746,768,680,705,672,613,626,624,593,640,535,605,621,617,546,601,541,607,626,520,544,540,524,530,498,521,504,453,434,428,418,463,424,442,333,257,276,255,256,204,238,224,212,196,173,195,163,131,135,113,82,70,60,67,154
S14000002,Aberdeen South,Males,"47,622",521,464,498,481,481,485,483,489,444,436,392,407,379,418,367,391,438,416,385,395,421,468,544,698,974,"1,090","1,081","1,242","1,088","1,138","1,036",917,900,888,845,864,821,772,651,648,625,640,634,680,633,675,581,617,681,687,586,690,622,692,671,607,624,630,631,594,611,506,506,452,463,438,431,436,409,472,335,303,284,292,287,237,233,208,234,222,197,171,180,182,165,136,109,109,73,74,211
S14000003,Airdrie and Shotts,Males,"42,290",480,482,531,526,569,544,568,554,565,575,529,508,487,515,474,483,516,567,521,547,558,541,543,547,551,542,524,546,579,470,529,488,543,559,573,584,616,542,519,469,548,547,531,593,586,610,626,664,684,643,721,683,650,632,641,626,574,535,550,537,543,471,501,464,432,471,465,454,427,498,377,322,372,300,276,264,283,264,227,168,181,131,150,147,116,96,77,60,57,44,107
S14000004,Angus,Males,"42,326",432,480,475,446,453,466,450,468,470,448,468,465,454,434,435,500,501,493,503,518,489,511,548,524,503,539,487,468,470,454,499,465,446,514,532,467,478,498,462,397,463,449,479,555,560,569,590,624,602,629,669,649,697,659,675,566,634,616,595,573,561,530,536,563,510,587,582,562,628,632,470,439,434,394,376,355,359,291,310,301,257,228,214,193,193,180,161,103,85,68,261
S14000005,Argyll and Bute,Males,"43,319",355,370,384,400,399,441,424,435,447,422,452,454,456,415,432,427,450,522,556,611,598,597,622,569,569,576,469,533,484,424,415,413,433,359,373,377,463,369,456,446,443,465,476,515,540,534,533,607,674,661,631,656,682,705,683,708,666,610,621,641,660,640,603,596,598,655,602,709,650,735,555,537,549,512,446,397,411,358,369,306,276,266,218,205,206,156,147,123,77,77,232
S14000006,"Ayr, Carrick and Cumnock",Males,"44,412",472,433,461,499,457,504,452,496,493,487,449,497,464,476,472,515,520,542,552,533,494,568,543,541,492,481,508,509,465,472,484,448,442,395,419,467,508,476,363,391,454,449,506,577,550,604,605,611,640,663,650,745,720,631,689,678,640,669,663,633,660,582,640,628,614,629,631,615,674,678,510,503,528,516,435,383,407,363,354,337,289,278,253,207,188,196,130,121,93,90,263
S14000007,Banff and Buchan,Males,"46,260",516,497,514,560,535,595,549,553,563,535,512,483,474,486,489,496,531,542,562,540,549,599,589,590,543,610,594,541,565,533,542,583,521,530,550,582,596,551,506,563,595,558,558,628,620,629,664,710,680,739,667,740,712,722,696,690,628,625,654,602,613,598,564,527,535,561,563,627,623,666,527,444,421,417,376,304,355,324,300,260,263,250,200,186,161,139,107,104,71,55,233
S14000008,"Berwickshire, Roxburgh and Selkirk",Males,"45,773",450,424,493,510,500,542,445,499,467,480,503,478,509,494,451,466,501,530,491,505,505,471,467,460,452,390,471,418,449,382,429,391,427,396,430,431,487,431,378,424,473,488,509,549,628,615,649,678,730,723,733,771,748,784,751,745,736,737,715,706,689,686,663,645,649,645,696,704,762,843,602,533,553,533,462,414,428,402,400,309,325,270,249,223,195,202,187,151,127,74,257
S14000009,"Caithness, Sutherland and Easter Ross",Males,"29,933",273,297,288,320,363,318,326,368,341,334,345,346,324,307,330,338,357,389,369,337,325,336,351,324,317,290,310,290,301,307,307,294,321,314,305,353,291,317,263,268,336,297,293,331,315,348,349,383,412,454,475,461,430,480,471,499,464,485,466,522,424,452,419,407,433,422,453,468,490,491,365,361,377,337,294,292,289,251,218,204,170,182,188,136,123,111,98,69,65,43,176
S14000010,Central Ayrshire,Males,"41,364",426,453,422,480,468,498,503,502,491,513,465,449,445,435,454,474,488,471,540,507,518,517,521,480,511,455,393,448,433,439,425,398,382,401,458,413,411,451,379,403,435,442,502,504,596,555,551,601,588,666,606,645,692,650,670,652,649,621,611,589,560,582,551,557,544,506,554,608,545,646,473,436,485,440,364,326,337,353,278,291,264,231,169,205,185,168,120,92,66,57,226
S14000011,"Coatbridge, Chryston and Bellshill",Males,"45,457",581,549,524,521,548,561,558,626,617,579,611,587,613,518,523,528,530,606,574,634,581,600,643,576,598,562,599,488,570,506,538,553,562,593,575,601,582,621,563,515,576,629,605,601,662,676,690,704,704,734,697,754,752,668,745,643,668,613,628,542,536,540,513,546,456,491,543,488,484,464,385,324,324,369,310,273,283,273,273,194,191,180,147,124,133,96,81,65,55,46,165
S14000012,"Cumbernauld, Kilsyth and Kirkintilloch East",Males,"41,927",461,488,467,525,495,524,510,527,551,527,529,531,527,495,503,531,532,592,533,585,552,585,577,543,547,566,510,486,526,471,486,484,467,478,517,494,465,468,434,522,578,506,511,558,546,620,591,599,636,679,631,685,667,622,704,631,568,605,540,567,527,519,498,487,485,487,467,455,502,535,378,383,371,331,276,251,261,253,223,213,206,187,155,158,139,116,93,77,47,48,144
S14000013,Dumfries and Galloway,Males,"46,384",440,441,491,467,488,491,493,484,474,536,516,511,488,472,488,502,474,531,522,461,529,560,536,485,491,502,499,505,504,462,471,501,465,445,460,480,472,395,397,392,465,467,513,518,588,634,605,644,652,662,720,778,753,721,734,734,690,706,733,640,673,640,682,624,667,704,683,769,724,744,624,545,563,513,500,460,426,394,380,393,354,293,278,265,216,192,156,114,98,104,328
S14000014,"Dumfriesshire, Clydesdale and Tweeddale",Males,"41,897",366,347,415,420,404,477,499,484,457,476,489,492,477,460,461,487,506,511,513,463,471,459,431,422,364,387,354,306,369,381,374,378,346,349,354,346,374,386,429,347,432,396,411,484,570,574,649,629,655,701,694,747,665,746,695,681,658,653,603,643,624,632,654,632,597,596,613,586,655,713,534,497,531,476,405,388,388,383,377,338,321,269,241,231,195,183,145,132,108,89,247
S14000015,Dundee East,Males,"43,012",450,489,465,481,543,570,477,555,513,518,479,525,493,471,458,523,543,508,523,480,478,420,607,611,703,719,649,646,610,577,571,596,487,512,519,450,481,466,426,424,487,459,473,488,532,537,583,606,557,565,622,627,638,644,651,599,610,632,596,566,519,514,487,519,464,507,530,513,572,627,420,402,409,371,344,300,321,315,276,253,249,222,227,173,168,155,126,122,105,53,261
S14000016,Dundee West,Males,"42,863",472,449,456,499,471,433,424,437,408,370,385,400,400,420,394,368,392,392,583,850,901,929,924,947,"1,052",954,940,888,801,821,634,714,690,609,585,576,501,466,442,464,445,418,374,434,458,558,496,546,533,537,524,555,526,568,559,554,554,484,529,556,482,475,448,426,424,392,389,433,406,482,366,313,339,290,251,258,290,265,256,225,237,198,182,168,130,158,108,107,70,71,175
S14000017,Dunfermline and West Fife,Males,"49,432",526,611,579,602,591,708,631,641,620,610,589,577,622,574,539,553,560,573,522,536,522,504,581,522,569,584,613,606,609,606,634,606,591,608,697,658,656,698,629,627,621,640,711,728,791,773,767,744,741,825,732,784,771,725,732,753,742,689,661,613,624,611,567,547,506,564,561,582,609,702,485,437,417,385,407,308,329,296,288,256,238,211,180,172,123,106,97,88,77,54,178
S14000018,East Dunbartonshire,Males,"40,624",391,373,432,415,446,507,439,476,461,471,510,518,525,480,475,517,537,518,551,453,507,517,505,532,511,498,478,425,396,330,369,338,331,355,387,374,360,433,353,398,434,412,444,508,565,529,571,598,572,648,604,706,629,630,652,627,611,644,589,573,583,579,529,556,458,511,485,530,534,568,433,430,443,390,352,326,360,313,343,325,276,281,259,226,206,156,153,122,110,78,271
S14000019,"East Kilbride, Strathaven and Lesmahagow",Males,"49,515",528,543,521,561,595,585,561,579,609,599,550,572,582,515,586,565,620,615,667,646,659,641,681,620,622,605,568,562,580,524,526,561,563,528,558,579,624,512,514,558,565,555,614,607,692,774,735,793,773,817,791,856,852,888,806,820,817,784,744,680,700,614,650,583,551,533,535,534,567,581,432,442,416,426,354,354,297,334,333,284,274,226,204,199,181,146,121,111,79,85,222
S14000020,East Lothian,Males,"49,830",572,535,589,584,639,673,617,655,675,633,677,638,596,505,572,546,592,591,553,573,612,593,615,586,584,535,503,459,529,525,491,513,474,518,534,538,513,582,523,557,615,624,658,758,727,744,756,696,758,787,781,889,759,842,819,797,734,748,723,742,683,609,625,554,563,561,571,553,643,673,514,463,488,435,405,378,347,313,369,283,293,237,257,197,204,155,123,128,103,89,258
S14000021,East Renfrewshire,Males,"44,620",454,510,560,555,622,675,632,590,636,636,601,631,615,564,583,617,642,636,612,585,582,565,597,523,548,481,494,458,431,371,367,368,368,351,438,453,490,441,505,507,513,512,561,629,641,621,598,664,617,708,732,641,716,697,687,663,642,682,627,619,645,574,515,529,528,459,491,487,507,534,426,377,390,342,309,317,287,319,305,291,272,240,205,200,185,145,140,113,81,82,261
S14000022,Edinburgh East,Males,"49,004",482,471,472,478,498,483,424,400,465,402,396,371,348,307,375,323,344,380,669,"1,175","1,233","1,208","1,200","1,187","1,103","1,167","1,148","1,138","1,091",989,958,947,957,837,833,830,743,768,660,717,687,627,618,612,654,617,612,617,586,568,608,620,612,608,553,553,552,526,558,479,473,464,446,423,439,389,324,368,393,452,320,302,276,299,248,221,235,207,219,195,204,176,166,155,131,120,86,87,87,59,196
S14000023,Edinburgh North and Leith,Males,"54,949",654,620,575,598,556,595,498,510,501,429,412,401,424,399,385,392,387,460,387,359,395,481,587,753,"1,020","1,285","1,320","1,378","1,403","1,443","1,380","1,421","1,243","1,379","1,273","1,202","1,141","1,129",970,863,874,869,880,836,878,821,712,731,787,771,743,741,697,747,654,669,616,598,551,556,562,504,488,467,439,449,451,431,401,453,314,262,312,272,250,243,242,214,215,212,182,157,170,139,123,138,88,90,64,49,229
S14000024,Edinburgh South,Males,"43,380",477,529,476,495,435,528,467,515,506,509,466,483,427,452,426,419,451,457,439,534,810,933,912,847,840,961,830,854,736,661,655,637,602,612,578,558,601,549,511,524,512,539,542,542,509,596,531,537,561,576,580,557,547,588,577,587,516,490,517,533,486,464,458,490,407,420,466,460,416,486,347,372,292,276,227,242,216,228,201,205,192,182,157,149,139,129,100,93,100,67,274
S14000025,Edinburgh South West,Males,"52,170",556,569,523,578,569,598,503,580,519,493,485,478,419,426,480,459,510,463,706,919,849,814,949,"1,058","1,164","1,260","1,247","1,310","1,142","1,135","1,039","1,037",922,"1,024",858,781,829,826,760,711,670,673,664,699,686,655,632,625,673,618,600,679,641,636,638,605,554,554,514,521,504,477,483,425,505,427,486,489,499,496,315,345,374,296,289,220,238,258,231,200,200,201,174,181,138,131,101,87,57,67,191
S14000026,Edinburgh West,Males,"47,275",562,565,670,616,612,640,625,633,621,589,525,530,514,524,487,478,533,519,410,430,418,395,423,551,669,735,697,735,677,611,604,665,615,686,687,643,706,668,599,636,632,627,614,644,678,677,667,711,665,757,711,739,684,741,676,687,645,659,617,619,585,526,569,498,506,474,450,482,471,558,385,356,343,322,298,285,322,295,265,272,279,264,242,206,183,177,131,135,91,77,275
S14000027,Na h-Eileanan an Iar,Males,"13,269",124,107,138,121,152,138,148,149,166,155,151,145,147,145,117,117,136,160,118,142,146,122,150,93,139,87,116,137,124,149,121,120,122,121,134,132,130,142,135,148,143,162,159,169,183,211,199,213,211,228,181,201,215,201,237,200,204,222,196,196,185,210,189,214,189,170,229,207,222,222,175,138,156,134,138,120,117,140,112,91,87,82,77,60,49,52,36,52,44,26,71
S14000028,Falkirk,Males,"54,446",591,603,583,616,673,674,643,650,640,662,612,653,593,616,609,578,638,628,665,653,668,673,605,661,610,703,663,619,625,606,639,657,632,639,682,678,708,709,677,669,701,735,724,770,850,903,886,899,876,869,874,882,858,849,842,817,817,783,760,712,663,610,603,620,621,613,631,632,658,745,498,518,457,470,363,355,357,323,321,287,279,291,245,194,178,146,132,112,81,88,245
S14000029,Glasgow Central,Males,"51,754",611,562,538,547,492,519,429,375,372,332,347,318,296,310,292,326,338,360,720,"1,153","1,246","1,355","1,532","1,684","1,793","1,624","1,511","1,512","1,528","1,331","1,323","1,256","1,179","1,139","1,068","1,020",942,918,813,759,713,677,598,655,657,613,625,616,524,598,593,515,500,568,514,516,455,412,403,413,349,365,335,337,301,348,293,275,284,305,219,201,210,199,186,158,163,156,148,132,142,109,95,84,95,78,53,49,34,24,92
S14000030,Glasgow East,Males,"44,088",572,623,628,618,608,634,528,505,500,486,515,482,433,428,484,513,525,523,559,568,511,514,549,651,804,817,807,717,756,725,663,709,621,657,635,599,614,591,519,476,493,510,550,489,557,615,628,635,648,663,569,675,703,670,661,616,662,592,583,594,561,507,443,450,428,378,403,416,397,456,339,311,304,284,259,246,206,217,238,179,178,194,138,153,118,104,78,62,49,57,155
S14000031,Glasgow North,Males,"37,140",356,382,358,312,323,385,284,322,266,250,266,247,237,253,224,267,251,295,417,750,988,"1,019","1,026","1,101","1,160","1,101","1,036",978,954,840,894,838,739,716,637,627,593,497,478,432,438,440,452,449,458,438,428,469,435,394,407,441,442,473,432,391,367,383,345,338,360,331,314,340,297,313,262,300,291,314,237,192,173,187,143,147,158,134,132,147,113,108,94,96,80,78,52,48,40,33,107
S14000032,Glasgow North East,Males,"41,610",492,458,519,514,526,541,502,503,480,456,411,413,413,403,349,433,488,413,447,483,513,577,589,705,953,910,875,937,819,812,834,749,738,733,748,681,645,626,530,510,521,507,458,567,531,555,561,492,557,559,598,540,573,581,592,545,525,481,474,433,437,438,401,385,349,359,322,337,352,368,277,228,292,265,250,212,208,226,203,168,186,152,139,127,108,96,78,60,56,27,126
S14000033,Glasgow North West,Males,"41,367",488,479,500,463,510,490,496,479,523,438,450,432,417,407,424,480,462,471,433,377,445,469,440,646,805,786,703,811,781,757,738,785,693,731,699,718,672,639,577,552,523,507,523,572,591,613,533,612,660,612,613,621,581,571,594,547,542,575,514,469,485,482,419,371,370,374,385,375,352,368,269,249,280,267,232,169,213,183,177,149,160,135,125,118,106,90,78,61,64,51,171
S14000034,Glasgow South,Males,"42,621",488,528,486,512,522,420,430,442,486,458,419,410,447,360,387,414,424,481,402,389,392,410,423,478,706,717,781,746,774,795,892,856,819,893,745,820,804,720,599,531,576,539,597,533,605,599,581,629,610,623,593,575,586,597,635,583,501,534,546,544,531,511,465,480,454,439,399,414,471,396,330,333,268,260,265,243,210,199,202,215,153,168,112,130,114,106,82,49,38,32,160
S14000035,Glasgow South West,Males,"41,011",542,601,545,546,595,536,487,547,519,501,488,510,499,501,470,451,551,524,553,484,434,433,469,609,692,722,720,725,740,696,709,606,650,618,616,642,546,525,528,475,506,509,501,450,526,509,582,588,626,590,603,576,596,605,622,577,557,563,510,524,506,427,438,393,403,392,371,289,326,362,272,265,251,235,231,203,215,199,168,184,134,160,142,99,125,108,93,63,56,35,141
S14000036,Glenrothes,Males,"42,571",503,511,524,514,578,556,564,535,533,542,500,541,509,458,488,513,501,550,501,509,521,447,451,477,545,509,531,467,478,445,474,441,436,467,496,542,489,459,449,478,474,460,494,532,537,613,610,661,685,710,596,656,644,612,625,597,665,595,623,621,574,533,575,475,519,513,511,569,542,580,464,439,431,408,355,303,307,299,273,221,220,212,215,163,144,125,97,108,90,69,195
S14000037,Gordon,Males,"51,070",616,608,590,624,596,648,636,640,678,568,572,578,564,539,550,534,590,556,518,510,449,485,520,556,605,648,623,619,661,633,616,634,642,696,736,749,703,683,699,659,691,664,700,775,785,776,726,737,806,758,789,746,791,749,742,733,718,697,699,693,704,642,680,634,629,609,637,674,672,680,471,398,413,426,355,327,341,308,319,268,259,241,205,181,153,138,122,85,82,75,236
S14000038,Inverclyde,Males,"37,836",370,384,413,390,426,446,449,406,453,440,392,447,441,401,371,421,428,470,472,478,484,479,458,473,518,536,465,425,442,454,496,405,439,422,465,415,409,420,375,391,387,400,403,449,479,474,510,510,582,618,625,641,629,677,684,673,605,607,537,543,545,509,453,465,453,501,472,459,440,489,415,347,398,340,295,296,248,261,263,225,209,204,154,135,145,110,101,108,58,46,190
S14000039,"Inverness, Nairn, Badenoch and Strathspey",Males,"51,117",575,564,562,519,586,632,564,668,663,589,594,591,565,558,546,606,590,630,620,549,553,579,598,527,613,580,615,620,670,621,700,659,711,604,647,757,701,661,663,593,633,665,629,630,717,738,724,718,771,806,779,808,786,766,760,730,753,702,677,684,658,620,688,629,620,605,599,631,673,611,509,451,468,460,421,329,326,320,310,257,262,225,247,196,198,167,164,130,87,73,264
S14000040,Kilmarnock and Loudoun,Males,"46,892",534,582,509,523,618,582,565,521,570,567,530,520,548,480,468,502,543,516,611,583,538,621,624,554,584,568,575,552,582,594,572,492,512,562,550,535,548,543,522,486,522,574,551,639,652,646,684,758,718,698,737,759,751,729,710,715,670,731,637,651,584,590,579,608,550,561,542,582,565,676,496,471,459,421,318,346,318,369,319,270,258,244,212,187,144,134,120,97,96,61,197
S14000041,Kirkcaldy and Cowdenbeath,Males,"47,963",535,564,622,598,597,652,694,603,637,539,569,546,537,529,507,564,521,586,507,551,557,487,512,505,601,552,535,557,558,510,573,526,558,554,591,534,580,562,542,524,640,565,655,640,669,648,657,753,792,795,732,741,751,667,687,723,703,704,613,663,597,602,595,580,541,619,576,563,592,693,490,475,468,429,390,324,340,346,280,305,287,233,208,217,214,137,144,112,81,89,262
S14000042,Lanark and Hamilton East,Males,"47,043",527,495,488,500,540,548,526,508,517,536,515,457,495,492,467,520,576,545,518,534,565,534,558,570,576,497,525,536,539,520,489,563,519,477,552,627,605,539,499,508,574,617,598,647,694,733,669,784,747,787,690,743,754,730,746,781,748,654,675,675,632,610,618,652,595,594,561,603,619,640,482,474,513,458,415,343,344,318,332,303,263,220,207,202,176,157,132,99,69,68,196
S14000043,Linlithgow and East Falkirk,Males,"57,706",698,761,761,721,773,857,772,781,776,808,753,741,683,644,602,608,598,667,676,677,765,717,674,631,591,625,636,641,689,713,684,702,741,714,734,815,801,771,740,734,732,825,838,845,874,908,889,885,891,913,849,"1,052",926,935,803,833,760,745,757,727,708,623,595,628,585,579,665,623,624,698,496,494,474,453,390,374,365,379,333,323,274,251,227,192,168,133,120,101,66,88,215
S14000044,Livingston,Males,"54,127",628,634,658,628,711,700,694,774,758,690,679,704,689,658,624,726,673,745,650,707,716,693,695,764,699,718,657,630,717,700,677,661,737,690,678,667,675,701,568,696,710,678,728,766,839,891,793,875,913,876,848,834,849,826,847,826,787,757,689,636,600,576,615,545,524,582,529,572,599,599,466,432,408,394,379,340,289,317,284,226,228,199,177,131,150,107,87,79,59,50,147
S14000045,Midlothian,Males,"42,579",581,589,569,527,605,525,557,569,494,527,529,514,518,483,487,504,511,493,491,466,480,511,520,500,497,513,489,493,502,463,536,460,508,514,500,513,566,536,505,494,528,524,558,558,549,613,618,590,654,653,609,658,636,649,634,586,622,587,579,568,558,500,539,515,497,490,531,521,496,564,436,422,393,371,317,291,261,275,273,221,215,193,178,139,137,131,115,89,60,65,174
S14000046,Moray,Males,"47,653",510,472,489,532,475,572,548,553,614,565,535,490,506,531,555,569,586,609,596,572,616,634,591,581,596,599,530,569,598,593,567,585,602,503,557,515,553,565,482,528,536,548,578,629,689,726,683,745,769,759,712,709,740,724,732,681,668,628,665,619,661,563,588,589,565,558,583,563,631,608,483,446,481,446,402,375,374,358,315,322,245,259,239,207,158,148,141,126,116,68,252
S14000047,Motherwell and Wishaw,Males,"45,402",533,522,519,549,574,604,554,530,617,546,528,564,581,537,516,542,501,574,540,563,603,588,563,613,596,615,540,558,638,581,625,609,540,615,651,644,655,647,543,508,619,569,584,628,682,688,687,710,709,750,732,731,695,654,694,683,594,623,582,592,548,498,526,480,459,398,474,471,490,494,372,338,349,304,302,293,286,267,273,199,204,186,164,188,139,110,94,82,62,50,170
S14000048,North Ayrshire and Arran,Males,"44,934",476,455,462,441,487,528,483,541,509,510,533,541,508,515,495,522,522,536,545,587,534,573,558,584,492,579,456,502,463,441,417,409,447,415,469,418,456,452,438,400,446,456,544,528,531,643,624,668,701,642,684,723,729,666,723,676,657,712,659,660,657,618,574,597,582,631,612,635,711,679,522,521,533,492,405,391,420,352,354,291,277,266,232,208,215,167,111,109,99,79,223
S14000049,North East Fife,Males,"39,586",329,310,338,365,360,358,364,375,388,356,378,383,363,385,354,409,396,456,536,843,954,"1,033",893,740,599,545,487,476,424,374,395,403,360,368,419,406,359,363,327,398,361,407,384,437,444,510,506,554,509,555,548,569,544,618,593,553,600,537,578,546,487,495,513,516,499,483,501,530,572,655,483,448,428,416,378,346,284,326,342,287,259,260,186,199,164,131,128,114,90,93,251
S14000050,Ochil and South Perthshire,Males,"50,670",522,534,539,568,577,529,521,583,641,592,551,625,569,580,628,636,696,762,690,615,592,584,653,632,536,490,420,413,530,454,516,490,472,520,483,545,560,520,515,488,558,577,567,635,715,716,735,827,806,890,847,845,891,815,798,807,718,776,700,731,648,662,668,712,687,611,667,679,722,757,541,533,542,490,438,398,383,380,373,317,262,283,257,215,201,173,153,118,115,83,277
S14000051,Orkney and Shetland,Males,"22,663",210,224,227,265,269,271,272,278,239,278,252,258,262,247,237,229,257,269,267,250,260,254,259,257,267,226,282,238,278,288,250,249,209,243,244,239,257,271,234,247,262,278,258,319,305,275,329,306,337,362,380,370,357,395,334,367,345,347,324,319,305,320,315,302,296,301,280,309,301,353,238,211,255,230,215,167,211,181,160,139,126,128,104,76,80,68,60,60,34,44,112
S14000052,Paisley and Renfrewshire North,Males,"43,533",469,496,492,555,551,507,501,508,531,509,502,504,513,484,522,533,559,513,543,590,543,481,544,530,557,590,585,545,546,541,519,530,546,547,550,600,499,520,452,452,489,525,487,535,529,613,645,653,737,636,629,720,623,655,660,668,679,673,607,586,533,543,575,527,485,497,474,463,473,571,412,431,421,381,336,326,295,286,268,233,241,223,180,130,114,133,118,93,80,43,240
S14000053,Paisley and Renfrewshire South,Males,"41,159",436,415,457,459,442,443,471,476,448,436,434,435,424,406,382,433,437,481,471,524,487,543,598,582,599,564,601,559,554,634,588,553,506,556,523,596,485,474,433,431,468,443,523,479,552,559,577,625,619,648,717,711,708,689,702,681,607,627,634,588,549,509,437,448,457,472,445,456,456,509,364,336,359,313,279,282,248,286,259,242,210,212,155,151,155,122,111,92,74,64,174
S14000054,Perth and North Perthshire,Males,"48,459",474,520,504,494,530,570,523,548,483,516,439,480,497,499,477,511,554,486,510,501,530,538,618,644,694,720,554,544,619,623,612,594,651,619,608,671,584,624,554,557,533,513,509,539,654,654,626,637,675,674,728,768,770,790,709,710,661,699,683,631,627,633,628,671,597,607,634,628,654,696,598,457,488,443,421,372,424,386,346,332,299,297,268,231,250,216,172,126,110,113,298
S14000055,"Ross, Skye and Lochaber",Males,"33,796",335,321,335,340,334,355,355,404,375,398,389,390,370,387,404,404,380,447,379,410,341,370,320,321,303,342,282,313,291,344,334,327,312,304,325,332,319,324,300,339,331,363,332,398,444,486,473,454,551,517,591,567,578,553,550,567,567,549,515,536,551,549,514,506,510,527,501,489,523,526,446,396,430,334,345,237,278,256,264,225,195,205,173,168,150,126,109,110,57,51,168
S14000056,Rutherglen and Hamilton West,Males,"50,432",590,661,649,674,713,640,589,623,630,601,600,591,574,537,544,534,575,585,575,602,552,557,638,653,658,662,565,587,619,589,643,646,612,679,682,741,744,687,631,659,644,649,717,767,793,770,810,763,768,733,753,733,734,778,719,718,738,687,697,709,654,595,661,660,579,562,574,540,557,590,452,408,420,369,362,298,314,250,261,231,265,188,207,148,145,132,103,78,72,43,143
S14000057,Stirling,Males,"45,081",433,421,456,463,475,481,490,499,505,491,492,543,596,519,510,528,550,607,658,843,882,872,754,687,708,668,682,621,518,505,453,408,513,444,489,430,466,532,441,465,522,505,526,528,582,612,649,685,686,649,694,761,702,678,635,632,684,595,610,615,551,533,504,536,506,507,517,523,520,607,432,354,418,381,342,318,336,316,262,276,234,247,177,188,180,133,120,96,72,62,185
S14000058,West Aberdeenshire and Kincardine,Males,"48,257",570,551,575,526,608,633,682,676,663,624,639,584,608,565,533,569,629,597,577,505,511,492,589,468,436,486,442,458,434,469,494,533,554,594,602,631,619,628,562,632,649,658,719,744,747,751,786,764,684,759,754,797,809,780,734,710,707,667,725,644,636,642,677,599,583,585,563,590,601,655,444,386,416,368,340,311,318,280,263,227,243,188,179,152,128,141,120,108,88,66,224
S14000059,West Dunbartonshire,Males,"42,747",486,476,479,519,555,559,542,544,527,513,488,496,495,460,429,440,473,498,521,524,550,570,597,561,598,603,584,505,551,625,598,566,479,522,515,553,459,494,423,474,431,448,463,551,541,600,570,626,629,645,687,754,693,705,673,695,640,638,654,581,642,570,540,519,488,485,485,469,515,484,444,375,385,311,309,256,264,278,232,207,216,180,174,152,149,97,82,86,69,48,161
,,,,,,,,,,,,,,,,,,,,,,,,,,,,,,,,,,,,,,,,,,,,,,,,,,,,,,,,,,,,,,,,,,,,,,,,,,,,,,,,,,,,,,,,,,,,,,
Area,,,,Age,,,,,,,,,,,,,,,,,,,,Age,,,,,,,,,,,,,,,,,,,,,,,,,,,,Age,,,,,,,,,,,,,,,,,,,,,,,,,,,,Age,,,,,,,,,,,,,,
,,SEX,All ages,AGE 0,AGE 1,AGE 2,AGE 3,AGE 4,AGE 5,AGE 6,AGE 7,AGE 8,AGE 9,AGE 10,AGE 11,AGE 12,AGE 13,AGE 14,AGE 15,AGE 16,AGE 17,AGE 18,AGE 19,AGE 20,AGE 21,AGE 22,AGE 23,AGE 24,AGE 25,AGE 26,AGE 27,AGE 28,AGE 29,AGE 30,AGE 31,AGE 32,AGE 33,AGE 34,AGE 35,AGE 36,AGE 37,AGE 38,AGE 39,AGE 40,AGE 41,AGE 42,AGE 43,AGE 44,AGE 45,AGE 46,AGE 47,AGE 48,AGE 49,AGE 50,AGE 51,AGE 52,AGE 53,AGE 54,AGE 55,AGE 56,AGE 57,AGE 58,AGE 59,AGE 60,AGE 61,AGE 62,AGE 63,AGE 64,AGE 65,AGE 66,AGE 67,AGE 68,AGE 69,AGE 70,AGE 71,AGE 72,AGE 73,AGE 74,AGE 75,AGE 76,AGE 77,AGE 78,AGE 79,AGE 80,AGE 81,AGE 82,AGE 83,AGE 84,AGE 85,AGE 86,AGE 87,AGE 88,AGE 89,AGE 90+
,,,,,,,,,,,,,,,,,,,,,,,,,,,,,,,,,,,,,,,,,,,,,,,,,,,,,,,,,,,,,,,,,,,,,,,,,,,,,,,,,,,,,,,,,,,,,,
SCOTLAND,,,"2,777,197","26,819","27,567","27,788","28,504","29,033","30,162","28,855","29,683","29,598","28,272","27,796","27,257","26,739","26,167","26,038","27,243","27,563","28,702","29,789","32,749","33,871","34,923","36,314","37,631","39,540","38,982","37,498","37,318","37,556","36,621","36,099","36,312","35,089","35,723","36,385","35,753","34,995","33,471","31,663","30,603","32,622","33,160","33,272","35,532","38,123","39,905","39,222","40,801","41,543","41,358","41,391","42,646","42,441","42,060","40,724","39,939","38,427","38,397","37,263","36,058","34,941","33,606","33,002","32,395","31,202","31,507","31,414","32,127","33,103","35,906","26,974","25,687","25,970","25,265","23,254","21,636","21,833","21,118","20,348","19,396","18,453","17,214","15,965","14,544","14,041","12,678","11,277","9,897","8,421","7,418","29,050"
UKPC Code,UKPC Name,,,,,,,,,,,,,,,,,,,,,,,,,,,,,,,,,,,,,,,,,,,,,,,,,,,,,,,,,,,,,,,,,,,,,,,,,,,,,,,,,,,,,,,,,,,,,
S14000001,Aberdeen North,Females,"52,032",605,583,546,568,585,505,510,486,484,384,402,416,375,338,341,346,391,400,828,"1,369","1,422","1,372","1,282","1,290","1,341","1,290","1,197","1,129","1,111",962,950,860,850,901,799,695,748,636,577,569,633,613,516,581,602,630,596,579,542,572,596,612,573,592,584,532,567,546,501,560,518,507,455,451,457,454,430,447,427,543,341,293,312,328,296,288,315,303,280,280,282,262,241,210,224,206,192,159,110,98,353
S14000002,Aberdeen South,Females,"47,907",474,470,453,447,475,494,469,451,460,470,442,398,384,374,364,413,419,410,361,482,531,696,637,795,996,"1,048",994,995,904,920,894,947,736,789,737,739,720,648,633,608,583,535,565,634,650,612,596,630,618,611,640,661,679,719,685,626,620,609,587,518,551,493,446,433,440,419,400,468,413,474,394,302,351,336,378,309,332,339,312,331,319,284,249,252,275,217,215,198,187,147,588
S14000003,Airdrie and Shotts,Females,"44,505",488,498,481,525,450,484,484,576,532,496,477,486,478,500,479,490,494,498,490,529,527,497,503,487,542,546,557,516,574,589,602,590,615,596,575,643,599,550,539,464,574,550,565,611,666,672,662,732,718,730,630,733,671,678,671,638,594,604,601,564,554,544,495,533,484,457,493,527,487,511,411,405,404,404,354,318,322,334,309,289,274,259,231,205,182,148,136,123,86,84,232
S14000004,Angus,Females,"44,265",394,394,443,464,444,442,498,429,472,448,424,431,429,447,435,455,434,464,450,453,450,455,493,504,486,455,405,435,492,529,520,476,503,477,548,530,489,459,496,480,480,497,529,577,600,602,617,658,636,646,666,674,613,674,708,664,679,666,604,618,585,573,558,624,544,561,544,606,603,694,493,486,484,478,456,381,430,382,394,360,326,336,304,266,258,238,218,186,163,146,648
S14000005,Argyll and Bute,Females,"43,811",358,379,394,362,447,407,441,431,427,401,417,401,427,394,408,431,434,497,429,395,412,390,396,369,330,368,408,382,333,389,348,394,360,436,382,464,402,409,376,432,441,486,470,532,602,581,676,613,644,654,676,765,726,743,696,694,704,685,678,682,662,617,625,641,676,686,649,664,717,816,600,564,572,520,483,467,474,465,406,433,370,372,316,282,292,275,226,190,173,136,634
S14000006,"Ayr, Carrick and Cumnock",Females,"47,747",431,439,407,415,454,483,429,476,485,492,476,475,461,462,464,454,489,494,550,500,495,495,557,503,517,514,488,488,512,544,491,469,483,446,505,521,520,458,472,438,469,524,511,552,667,646,671,716,768,747,750,773,729,770,741,735,689,696,737,719,675,662,659,668,656,650,648,656,674,758,585,591,536,501,506,449,470,415,465,388,383,353,324,302,275,265,219,202,155,136,659
S14000007,Banff and Buchan,Females,"46,464",517,447,518,511,525,511,548,566,490,481,522,450,455,492,471,444,498,476,473,430,477,479,503,545,512,507,546,505,547,576,561,572,533,522,564,586,577,531,535,524,559,537,604,568,632,717,727,777,684,758,723,720,748,742,659,638,624,652,645,582,632,617,578,565,550,592,609,584,597,636,496,455,447,467,474,378,393,381,346,308,289,245,262,256,216,221,159,142,139,113,494
S14000008,"Berwickshire, Roxburgh and Selkirk",Females,"48,557",423,459,484,487,494,446,448,465,524,487,473,479,500,414,492,477,515,472,491,501,460,495,439,488,462,442,430,421,393,425,449,469,469,509,477,466,479,461,441,452,464,569,555,613,664,723,677,744,756,805,780,776,774,791,730,747,779,785,723,723,690,711,691,700,654,677,730,716,745,853,627,584,631,574,510,477,487,476,429,434,349,366,344,309,294,261,245,214,160,153,630
S14000009,"Caithness, Sutherland and Easter Ross",Females,"31,105",276,292,283,299,287,321,319,332,344,320,301,317,321,328,328,331,305,347,294,282,271,260,297,274,300,255,294,286,322,295,306,338,322,354,335,349,312,329,317,331,321,331,358,343,406,409,425,450,499,471,487,513,492,468,452,503,477,483,482,450,446,427,423,443,431,452,444,445,461,500,405,332,389,373,337,321,312,311,284,261,235,206,222,198,210,152,148,145,112,111,375
S14000010,Central Ayrshire,Females,"45,718",379,408,421,412,480,488,467,496,455,446,463,444,446,418,387,427,448,494,441,473,522,503,486,487,470,493,439,446,528,500,485,464,453,438,504,510,492,467,476,455,526,589,538,573,630,676,690,640,673,732,716,750,740,798,732,708,676,684,681,657,632,627,642,621,609,586,575,622,646,734,550,504,536,522,487,420,443,373,411,371,328,302,292,293,259,227,189,172,164,130,531
S14000011,"Coatbridge, Chryston and Bellshill",Females,"49,040",467,515,516,490,560,580,590,547,531,556,551,529,563,534,520,552,555,543,596,565,535,526,498,590,617,604,560,582,608,609,604,625,579,672,630,709,686,590,627,607,648,614,612,680,759,735,756,751,783,742,795,807,775,809,763,754,699,662,682,641,578,618,574,599,542,527,535,517,517,559,418,397,421,428,376,344,377,348,310,287,302,281,250,226,224,159,164,156,127,101,393
S14000012,"Cumbernauld, Kilsyth and Kirkintilloch East",Females,"45,262",433,447,445,451,496,559,498,563,468,491,518,500,512,473,460,486,482,543,539,536,494,494,515,535,597,527,477,549,460,512,547,496,517,508,573,545,600,586,509,528,548,533,604,549,664,721,686,700,754,736,701,710,719,723,683,629,673,688,638,577,626,580,569,570,516,528,546,563,578,602,447,433,429,446,375,339,336,365,341,323,278,254,211,211,191,164,143,108,94,88,303
S14000013,Dumfries and Galloway,Females,"49,634",433,402,428,454,493,503,514,486,511,527,476,486,477,443,436,468,458,496,512,486,424,491,529,537,476,516,494,483,557,535,457,475,511,478,583,516,485,511,465,419,491,504,532,566,603,658,642,717,778,792,700,825,812,800,821,786,708,769,721,699,740,704,720,738,703,678,739,659,741,839,629,647,585,623,550,498,483,470,437,439,433,378,380,366,328,295,265,242,181,146,643
S14000014,"Dumfriesshire, Clydesdale and Tweeddale",Females,"44,208",362,384,350,408,359,444,420,477,487,438,437,485,420,477,409,427,454,446,436,383,405,399,430,422,391,363,410,315,399,397,362,373,422,446,420,407,466,390,384,417,493,528,538,583,642,663,709,769,663,725,724,749,782,778,715,692,688,695,708,643,687,654,593,588,604,634,568,656,629,719,535,531,564,536,502,458,470,444,334,402,346,341,330,270,240,234,234,195,176,137,589
S14000015,Dundee East,Females,"46,851",414,458,459,490,498,530,490,547,510,481,438,495,486,449,458,447,476,477,509,496,464,450,513,552,655,719,697,577,632,578,567,614,589,556,624,620,588,577,511,509,539,547,544,544,560,609,597,664,623,623,635,684,676,692,670,704,676,606,611,626,563,540,552,574,511,538,571,588,680,724,516,485,440,445,390,388,347,373,396,344,360,332,323,282,298,247,213,214,197,159,631
S14000016,Dundee West,Females,"45,473",421,455,414,459,515,400,385,375,442,384,404,402,349,346,338,366,387,402,723,"1,095","1,171","1,128","1,022","1,017","1,050",974,935,825,808,742,648,664,640,599,574,556,481,458,418,432,443,403,414,449,493,536,467,491,548,556,579,667,585,631,629,632,572,536,568,535,481,456,424,454,431,425,454,438,476,511,350,365,344,320,360,327,329,317,344,296,280,281,298,222,247,218,211,178,133,120,445
S14000017,Dunfermline and West Fife,Females,"51,250",536,562,557,548,585,637,546,629,608,578,644,548,523,553,492,515,490,527,541,506,458,450,505,508,583,590,641,605,623,640,634,665,661,671,694,689,715,693,673,637,687,690,683,757,773,825,765,781,801,762,807,816,797,756,750,727,738,755,688,653,672,609,590,564,560,613,627,611,665,730,500,492,515,477,409,376,364,334,332,320,296,241,273,214,188,182,186,139,137,117,446
S14000018,East Dunbartonshire,Females,"43,129",353,387,429,437,390,457,441,424,463,439,449,455,432,435,477,464,439,505,446,406,436,386,455,410,479,394,330,329,366,285,294,314,378,361,390,441,445,455,451,461,474,491,486,580,614,664,654,657,648,710,699,700,757,717,723,701,653,683,653,683,607,586,574,576,556,528,574,584,558,630,499,488,500,497,412,432,437,474,410,418,357,359,345,302,279,245,238,199,166,174,590
S14000019,"East Kilbride, Strathaven and Lesmahagow",Females,"52,558",466,508,454,528,489,562,527,599,574,572,555,531,563,505,591,527,625,587,550,585,486,584,644,602,628,580,533,569,566,542,554,548,600,605,617,623,614,592,646,558,555,596,569,674,735,791,845,821,872,907,841,853,951,925,889,869,809,869,768,762,677,699,654,626,623,595,546,557,601,639,525,449,497,514,460,461,419,406,441,381,389,357,317,299,296,281,252,199,197,144,567
S14000020,East Lothian,Females,"54,260",533,560,551,552,622,646,607,625,657,611,581,530,583,530,516,579,600,557,592,571,558,562,600,701,723,599,556,576,519,546,607,538,579,607,638,655,607,663,589,657,636,647,673,721,780,856,815,850,927,913,784,865,859,859,809,829,835,792,726,733,680,707,637,636,650,660,635,622,722,711,554,509,585,488,491,461,447,427,450,363,385,321,336,309,284,256,254,196,155,169,568
S14000021,East Renfrewshire,Females,"49,190",474,439,509,585,576,619,612,599,589,598,604,617,607,602,586,565,575,584,579,531,507,492,459,554,479,435,417,509,494,393,414,375,464,443,500,535,575,608,608,576,612,595,609,679,687,744,704,786,798,796,751,766,834,754,765,698,713,685,679,661,665,613,591,575,555,544,526,578,601,627,445,487,500,487,411,435,399,370,379,365,384,355,345,289,312,273,231,232,175,171,667
S14000022,Edinburgh East,Females,"53,903",499,439,499,473,477,507,452,512,423,359,357,333,307,295,327,351,333,404,767,"1,485","1,691","1,658","1,614","1,706","1,513","1,440","1,348","1,314","1,157","1,106","1,040","1,042",924,923,872,779,718,743,643,645,627,585,614,591,619,579,581,526,565,571,625,595,595,609,547,539,550,586,560,509,460,444,457,439,396,418,418,394,388,469,324,326,328,350,288,297,299,256,283,270,255,252,243,261,222,228,192,159,126,137,476
S14000023,Edinburgh North and Leith,Females,"56,756",583,588,517,552,579,613,486,515,507,429,389,379,397,348,374,407,391,429,402,391,470,595,786,990,"1,279","1,475","1,595","1,511","1,533","1,438","1,405","1,390","1,400","1,286","1,306","1,202","1,129",956,887,880,808,769,753,703,806,795,669,710,750,706,634,682,673,710,645,652,602,621,551,555,515,481,483,444,469,450,478,480,450,493,355,331,346,321,297,310,285,285,296,257,265,228,228,195,197,200,169,155,137,113,460
S14000024,Edinburgh South,Females,"47,160",402,454,500,480,433,501,509,515,494,461,486,441,404,380,401,363,395,421,386,584,"1,010","1,099","1,214",931,957,942,831,871,792,662,691,697,630,644,649,580,595,601,514,560,534,543,560,565,604,600,531,620,581,557,592,590,599,569,579,592,557,559,557,583,515,459,508,497,480,493,535,522,457,537,405,381,343,353,342,289,303,308,322,299,253,250,214,209,257,243,203,204,176,167,684
S14000025,Edinburgh South West,Females,"52,256",480,499,533,532,525,548,500,522,502,463,459,401,414,402,434,421,416,464,620,867,829,863,"1,008",973,"1,181","1,200","1,236","1,214","1,167","1,093",949,962,905,846,903,705,809,740,716,624,624,622,576,622,646,693,601,599,645,667,603,609,634,639,590,589,597,554,565,564,491,513,455,464,507,474,455,485,535,553,453,369,377,348,314,345,303,310,336,296,295,268,234,232,232,229,194,160,147,149,569
S14000026,Edinburgh West,Females,"50,317",546,572,605,532,575,630,537,566,595,563,516,459,447,490,456,463,525,461,423,317,351,347,504,494,728,811,704,741,636,669,695,724,686,662,765,725,719,648,653,628,670,704,644,633,655,691,685,723,725,745,742,745,772,761,747,740,741,659,658,635,590,578,565,566,523,506,538,514,580,655,493,433,424,424,427,356,387,398,392,385,400,351,324,309,280,271,252,205,188,191,569
S14000027,Na h-Eileanan an Iar,Females,"13,631",105,113,125,132,114,121,115,127,131,150,143,127,156,142,136,150,128,147,125,106,119,99,133,110,98,98,111,130,136,136,116,120,134,129,165,146,140,166,132,162,164,161,158,167,176,171,194,209,218,202,215,212,191,211,226,201,203,195,183,190,193,203,190,179,214,199,198,208,177,220,185,143,157,188,121,160,160,124,141,128,115,107,110,114,107,75,73,77,59,46,240
S14000028,Falkirk,Females,"56,683",489,533,569,578,620,594,662,708,664,644,631,601,569,576,529,577,600,621,557,542,535,639,640,643,634,621,570,606,696,668,658,713,674,708,752,736,723,715,671,689,748,769,781,853,897,862,857,919,982,941,925,890,893,873,874,782,786,794,722,737,712,697,680,685,610,712,672,688,671,728,554,516,540,466,500,446,445,457,399,379,362,333,290,276,268,246,218,192,158,129,614
S14000029,Glasgow Central,Females,"47,435",557,522,534,513,452,455,390,422,387,346,310,304,252,280,258,294,283,372,855,"1,403","1,487","1,526","1,586","1,862","1,693","1,515","1,409","1,268","1,263","1,080","1,051","1,090",907,928,874,760,717,637,573,481,527,495,447,469,475,454,463,503,502,443,396,464,484,449,452,445,394,454,402,362,368,340,295,280,277,258,262,248,255,279,225,185,210,202,204,202,194,226,190,204,162,176,167,154,136,130,139,108,70,61,252
S14000030,Glasgow East,Females,"48,145",569,577,522,542,568,597,553,504,504,464,438,421,457,455,471,461,519,489,520,425,443,446,531,676,814,873,817,893,805,781,688,684,658,702,645,688,652,618,552,497,556,531,536,613,679,705,733,797,770,694,724,790,792,778,742,742,651,675,678,622,604,559,538,470,459,488,425,471,458,499,373,383,344,369,332,344,358,322,321,279,274,293,238,215,244,221,169,130,142,80,416
S14000031,Glasgow North,Females,"39,649",363,323,312,365,328,309,328,297,277,264,226,217,214,226,245,248,245,281,482,999,"1,321","1,400","1,365","1,365","1,248","1,216","1,034",953,954,920,780,740,720,641,560,580,531,480,477,397,496,369,401,421,447,420,493,441,470,420,488,498,506,505,440,432,406,390,366,389,366,340,317,314,295,267,306,319,307,284,241,247,206,192,173,199,187,200,179,182,169,168,156,155,143,82,98,79,81,71,297
S14000032,Glasgow North East,Females,"44,392",467,492,499,490,528,479,465,440,404,410,394,425,396,394,332,430,432,437,404,452,509,503,546,708,929,916,895,851,868,790,798,741,711,720,690,616,594,615,556,520,498,481,504,541,551,598,590,673,637,673,689,653,657,653,698,614,598,579,595,471,479,418,419,348,379,391,375,383,381,438,310,305,305,358,320,317,348,337,314,313,294,293,245,229,209,176,179,134,143,89,364
S14000033,Glasgow North West,Females,"45,509",484,465,501,489,474,534,443,468,479,463,424,397,411,407,375,426,424,404,404,371,404,382,475,669,881,859,922,934,849,911,896,853,717,815,651,711,686,604,608,593,588,557,534,588,620,627,601,655,688,647,701,660,655,658,648,616,618,638,580,517,542,465,481,430,376,389,393,400,409,404,316,302,315,303,306,278,293,278,286,298,265,285,239,235,211,213,161,170,135,130,542
S14000034,Glasgow South,Females,"45,933",492,524,479,514,510,481,393,419,466,422,382,387,415,377,417,434,388,421,405,352,377,376,423,546,809,826,772,890,826,896,856,853,798,816,880,793,800,723,579,559,587,610,590,525,574,659,597,600,685,618,655,651,703,614,686,719,646,571,572,579,639,565,523,502,447,455,462,411,443,483,366,334,362,284,274,279,292,290,326,252,274,252,235,202,210,194,173,164,154,106,463
S14000035,Glasgow South West,Females,"45,528",528,536,548,484,573,571,514,526,486,510,479,496,422,452,443,515,516,479,465,464,397,427,471,590,736,796,796,768,753,724,670,686,638,629,662,626,639,598,550,485,530,553,540,579,597,659,699,700,672,677,694,769,753,711,718,682,637,629,580,602,523,509,479,409,429,380,402,389,387,396,330,350,344,314,280,279,309,318,288,252,268,311,294,248,205,215,172,120,130,135,434
S14000036,Glenrothes,Females,"45,550",471,499,490,502,488,527,509,544,517,515,502,440,459,463,407,481,481,524,509,497,492,464,480,466,477,567,512,576,556,529,531,520,492,549,559,606,559,569,493,477,521,501,474,573,632,679,654,659,725,715,680,708,728,662,753,653,653,677,642,633,621,587,559,579,556,569,584,595,560,634,486,464,471,435,422,347,390,342,298,347,336,273,253,209,222,195,180,146,130,106,433
S14000037,Gordon,Females,"52,190",554,582,582,561,557,610,640,637,631,599,541,491,499,500,500,534,494,555,448,422,388,503,502,545,605,577,534,587,593,615,697,699,717,747,799,732,731,678,655,665,691,694,714,723,750,849,713,807,768,804,838,857,823,765,746,765,769,721,736,714,692,651,721,642,629,626,669,658,662,702,532,512,422,436,418,384,376,351,354,319,287,280,281,223,238,205,201,201,140,139,486
S14000038,Inverclyde,Females,"41,324",327,369,368,400,363,390,405,397,415,388,416,400,394,383,377,409,428,461,382,444,471,468,486,447,511,491,478,441,464,423,476,445,426,447,436,466,501,452,417,413,427,518,478,524,527,632,589,638,700,686,686,672,699,705,676,661,681,680,574,615,542,537,532,521,489,521,516,510,540,552,434,398,447,441,356,355,339,354,347,351,329,261,254,257,281,238,208,174,131,141,525
S14000039,"Inverness, Nairn, Badenoch and Strathspey",Females,"53,532",517,572,518,589,564,577,531,580,612,584,585,566,564,546,521,517,532,558,520,486,469,552,570,582,574,638,586,615,621,634,661,704,681,673,748,693,686,663,613,577,651,678,646,776,793,803,800,790,843,817,838,885,922,768,765,766,727,776,733,698,728,696,712,688,638,642,604,668,672,695,508,488,508,537,461,438,426,416,412,350,380,320,308,300,266,269,203,207,177,158,603
S14000040,Kilmarnock and Loudoun,Females,"50,091",506,514,481,517,557,551,526,552,518,485,488,508,515,502,526,515,524,541,531,480,513,554,589,564,592,609,572,594,580,616,636,600,558,557,577,603,624,579,522,522,590,601,638,671,739,796,740,776,812,830,803,839,797,793,731,744,747,704,683,698,613,647,606,643,607,589,602,600,654,745,513,501,512,482,443,407,428,358,352,375,332,307,308,284,243,201,202,139,155,132,481
S14000041,Kirkcaldy and Cowdenbeath,Females,"50,907",539,587,535,554,570,598,603,590,591,543,520,535,528,481,502,535,482,553,499,518,465,514,492,572,617,612,611,579,585,607,622,603,576,625,596,643,616,588,531,543,614,606,645,668,710,750,724,839,751,732,754,795,775,776,731,687,678,695,741,635,647,609,639,615,567,618,595,663,706,759,556,518,536,474,431,391,433,432,384,403,352,344,299,308,244,263,213,200,169,158,615
S14000042,Lanark and Hamilton East,Females,"50,254",449,479,490,486,484,532,479,517,521,504,515,517,470,496,487,521,515,576,478,510,541,522,593,559,578,587,522,524,527,538,602,549,562,596,617,616,602,543,582,508,595,593,605,653,723,744,706,803,811,777,784,758,862,776,710,752,753,779,698,723,709,723,666,635,649,595,663,652,712,720,576,510,536,511,480,448,468,421,358,367,411,318,307,305,280,236,192,173,151,127,456
S14000043,Linlithgow and East Falkirk,Females,"60,300",617,649,720,693,710,715,729,786,743,740,696,664,605,648,632,593,598,629,603,607,590,651,658,647,691,711,694,697,795,768,818,783,794,842,882,877,821,820,765,701,803,815,830,872,957,920,890,948,931,912,926,987,881,878,889,864,805,833,778,756,759,639,678,668,630,671,639,660,709,734,546,535,528,576,469,414,422,464,470,393,372,327,318,261,275,244,192,150,153,118,429
S14000044,Livingston,Females,"56,248",562,584,608,675,616,705,656,679,724,646,681,675,692,620,691,678,662,695,656,651,612,595,643,655,693,655,631,599,697,752,684,757,682,793,783,744,690,703,674,627,706,763,763,868,875,896,973,928,952,966,936,906,893,870,885,819,746,778,746,651,625,623,646,653,639,604,582,628,661,637,512,475,482,453,460,391,378,367,314,307,277,247,210,179,218,176,119,118,76,81,365
S14000045,Midlothian,Females,"46,031",525,538,578,576,569,586,554,515,561,478,511,486,465,445,417,502,515,555,456,487,416,486,507,515,552,545,482,528,562,536,562,562,551,581,622,618,610,606,530,529,561,567,557,560,635,727,682,710,718,674,695,696,663,728,686,673,637,632,630,645,541,567,533,545,516,566,528,581,573,648,489,421,466,423,352,356,353,327,319,298,302,288,237,209,202,182,164,136,122,89,403
S14000046,Moray,Females,"48,417",449,431,463,476,484,504,521,533,600,535,486,530,506,500,477,516,534,584,484,449,460,460,553,525,522,460,520,549,518,560,607,618,575,539,595,517,533,509,499,509,573,599,610,656,690,745,702,736,690,735,763,753,719,764,704,687,665,661,654,673,652,634,603,633,576,634,626,604,620,738,538,564,512,512,446,420,421,382,400,350,331,389,300,284,289,270,191,180,164,149,536
S14000047,Motherwell and Wishaw,Females,"48,182",523,543,522,537,519,574,575,580,588,546,529,559,516,503,537,519,512,549,554,564,526,521,557,580,584,586,563,636,642,655,629,700,648,640,658,684,655,594,592,520,591,622,610,640,721,703,702,739,753,738,759,766,710,757,711,680,686,627,646,657,589,517,574,499,516,484,491,498,523,502,412,417,425,410,361,342,348,345,345,333,313,275,250,224,215,205,173,170,121,108,360
S14000048,North Ayrshire and Arran,Females,"49,402",423,425,452,436,488,529,465,501,508,537,486,521,504,491,511,539,492,516,542,540,493,544,568,495,502,486,489,486,522,487,504,505,485,499,515,546,494,508,495,491,590,591,544,630,648,729,726,747,743,779,770,805,803,807,696,729,711,786,768,676,689,654,695,698,638,648,631,724,721,793,584,581,577,559,534,485,479,415,414,398,394,347,334,294,292,240,214,190,167,133,582
S14000049,North East Fife,Females,"43,071",298,318,299,359,352,385,363,400,371,348,358,372,371,352,351,339,363,391,627,"1,025","1,219","1,180","1,031",784,611,510,483,477,447,396,383,372,360,366,401,381,445,397,387,331,390,491,431,437,512,556,506,561,621,566,634,625,631,692,591,594,622,595,579,510,516,552,573,559,572,506,542,590,627,624,476,497,508,464,416,360,390,377,396,354,340,312,282,269,240,228,224,193,160,147,630
S14000050,Ochil and South Perthshire,Females,"52,760",445,481,449,501,522,528,537,541,591,578,535,585,578,595,567,637,656,679,579,460,511,527,562,560,532,520,475,430,518,482,530,591,553,522,540,549,544,551,552,516,604,620,647,750,802,746,814,878,890,958,864,880,853,877,856,806,749,775,751,737,740,730,700,678,633,708,706,709,735,802,580,572,556,602,530,463,427,461,422,403,377,329,268,270,276,216,248,201,171,169,612
S14000051,Orkney and Shetland,Females,"22,387",216,217,201,230,215,255,233,244,239,250,282,246,204,235,233,231,255,255,212,199,182,223,218,244,229,253,246,238,265,287,240,260,235,257,243,269,241,280,231,266,237,271,290,303,299,349,320,325,350,330,357,356,370,352,319,339,316,297,298,331,329,324,273,290,276,308,289,278,286,301,231,256,221,265,270,182,217,165,186,167,138,150,137,110,103,97,95,90,68,58,259
S14000052,Paisley and Renfrewshire North,Females,"47,074",440,477,475,477,505,565,506,475,535,477,535,491,500,434,465,519,533,522,499,491,486,471,527,543,577,543,545,511,567,575,517,560,581,614,589,593,608,576,554,494,544,585,577,623,656,715,703,698,747,753,751,775,733,724,743,772,668,676,675,632,624,606,619,534,551,596,569,593,571,624,461,478,463,382,431,367,334,357,326,342,312,281,270,239,210,215,184,155,102,109,467
S14000053,Paisley and Renfrewshire South,Females,"44,164",429,364,439,457,459,455,387,438,475,442,432,450,381,438,418,440,404,462,483,464,507,539,542,610,652,584,540,540,620,599,476,536,485,584,535,550,523,501,457,462,443,519,530,562,668,669,745,704,720,757,738,724,760,667,717,726,644,639,658,540,561,506,519,517,433,514,450,503,497,557,421,398,423,390,354,353,367,362,365,336,320,314,314,236,236,230,195,161,118,110,415
S14000054,Perth and North Perthshire,Females,"50,141",451,481,424,513,507,527,491,512,489,466,466,456,449,409,448,519,504,465,498,441,442,466,494,613,558,549,536,604,591,593,600,628,620,615,648,627,581,538,511,541,521,523,600,603,664,700,665,718,771,729,723,798,786,787,707,729,656,731,702,709,661,640,650,686,659,666,676,657,657,791,584,586,538,553,517,431,458,470,412,434,422,402,343,296,312,308,258,233,205,201,742
S14000055,"Ross, Skye and Lochaber",Females,"35,287",282,291,286,296,338,335,369,327,349,368,370,365,396,374,384,404,381,396,395,261,295,288,323,304,282,311,296,301,329,367,319,309,353,361,371,402,375,356,328,345,403,407,411,428,500,523,533,540,546,514,580,623,631,589,581,623,537,538,593,544,535,513,524,560,555,491,527,502,567,555,448,384,440,406,338,323,325,294,268,247,273,276,212,200,188,185,162,147,126,113,377
S14000056,Rutherglen and Hamilton West,Females,"54,895",578,627,632,616,643,651,616,600,631,592,627,548,552,511,484,577,545,561,542,586,564,546,589,620,698,650,635,644,659,640,742,742,765,698,815,829,774,790,689,667,725,757,772,757,795,859,814,774,818,811,809,875,875,796,848,814,822,748,730,766,756,708,724,654,650,605,603,616,639,645,464,450,456,445,409,430,388,362,364,353,320,293,301,279,219,213,180,195,134,132,468
S14000057,Stirling,Females,"48,669",417,420,444,427,482,464,449,489,475,513,490,501,516,497,462,545,564,570,690,934,911,906,793,708,711,717,692,705,601,537,507,518,461,508,540,458,507,550,569,542,508,550,544,674,688,722,789,698,741,680,750,768,741,758,700,707,661,611,634,591,561,559,576,541,505,538,505,513,568,662,475,437,481,452,419,388,382,386,347,364,337,292,274,239,250,185,178,165,152,111,522
S14000058,West Aberdeenshire and Kincardine,Females,"48,945",513,546,560,541,568,624,624,618,555,593,587,605,571,552,531,512,530,571,483,409,373,428,450,424,443,429,432,387,515,512,550,596,601,643,679,678,676,671,667,606,633,639,691,774,777,831,776,814,773,776,812,817,793,828,790,763,643,673,650,657,676,638,639,611,572,558,520,567,600,660,473,432,407,388,367,361,360,308,285,288,282,256,248,213,214,190,173,137,163,128,468
S14000059,West Dunbartonshire,Females,"47,113",487,450,487,517,493,517,497,508,527,497,470,483,452,454,460,457,496,485,474,492,497,551,528,636,615,585,576,604,599,531,619,594,562,604,594,626,547,534,496,477,568,522,552,571,587,679,685,770,746,770,778,751,794,782,722,735,692,711,714,666,657,631,601,540,533,566,535,538,607,578,425,409,412,433,375,372,375,386,327,330,300,281,247,259,235,200,198,190,133,117,450
,,,,,,,,,,,,,,,,,,,,,,,,,,,,,,,,,,,,,,,,,,,,,,,,,,,,,,,,,,,,,,,,,,,,,,,,,,,,,,,,,,,,,,,,,,,,,,
,,,,,,,,,,,,,,,,,,,,,,,,,,,,,,,,,,,,,,,,,,,,,,,,,,,,,,,,,,,,,,,,,,,,,,,,,,,,,,,,,,,,,,,,,,,,,,
 Crown Copyright 2017,,,,,,,,,,,,,,,,,,,,,,,,,,,,,,,,,,,,,,,,,,,,,,,,,,,,,,,,,,,,,,,,,,,,,,,,,,,,,,,,,,,,,,,,,,,,,,
